# Druckhaushalt gegen den Volumenstrom.  Q ist eine EINGABE; dieser
# Lauf berechnet ihn nicht.  Ein nicht auswertbarer Punkt steht als nan.
Q_m3_per_s,status,driving_Pa,hydrostatic_Pa,viscous_Pa,delta_p_exit_Pa,Pi,reynolds,entrance_fraction,wall_shear_Pa,mean_velocity_m_per_s
0.000000000e+00,Ok,9.040000000e+03,-0.000000000e+00,0.000000000e+00,9.040000000e+03,1.000000000e+00,0.000000000e+00,0.000000000e+00,0.000000000e+00,0.000000000e+00
5.000000000e-15,Ok,9.040000000e+03,-0.000000000e+00,2.267384981e+02,8.813261502e+03,9.749183077e-01,2.194708056e-05,4.389416112e-08,1.889487484e+00,6.366197724e-05
1.000000000e-14,Ok,9.040000000e+03,-0.000000000e+00,4.534769963e+02,8.586523004e+03,9.498366155e-01,4.389416112e-05,8.778832225e-08,3.778974969e+00,1.273239545e-04
1.500000000e-14,Ok,9.040000000e+03,-0.000000000e+00,6.802154944e+02,8.359784506e+03,9.247549232e-01,6.584124169e-05,1.316824834e-07,5.668462453e+00,1.909859317e-04
2.000000000e-14,Ok,9.040000000e+03,-0.000000000e+00,9.069539925e+02,8.133046007e+03,8.996732309e-01,8.778832225e-05,1.755766445e-07,7.557949938e+00,2.546479089e-04
2.500000000e-14,Ok,9.040000000e+03,-0.000000000e+00,1.133692491e+03,7.906307509e+03,8.745915386e-01,1.097354028e-04,2.194708056e-07,9.447437422e+00,3.183098862e-04
3.000000000e-14,Ok,9.040000000e+03,-0.000000000e+00,1.360430989e+03,7.679569011e+03,8.495098464e-01,1.316824834e-04,2.633649667e-07,1.133692491e+01,3.819718634e-04
3.500000000e-14,Ok,9.040000000e+03,-0.000000000e+00,1.587169487e+03,7.452830513e+03,8.244281541e-01,1.536295639e-04,3.072591279e-07,1.322641239e+01,4.456338407e-04
4.000000000e-14,Ok,9.040000000e+03,-0.000000000e+00,1.813907985e+03,7.226092015e+03,7.993464618e-01,1.755766445e-04,3.511532890e-07,1.511589988e+01,5.092958179e-04
4.500000000e-14,Ok,9.040000000e+03,-0.000000000e+00,2.040646483e+03,6.999353517e+03,7.742647696e-01,1.975237251e-04,3.950474501e-07,1.700538736e+01,5.729577951e-04
5.000000000e-14,Ok,9.040000000e+03,-0.000000000e+00,2.267384981e+03,6.772615019e+03,7.491830773e-01,2.194708056e-04,4.389416112e-07,1.889487484e+01,6.366197724e-04
5.500000000e-14,Ok,9.040000000e+03,-0.000000000e+00,2.494123479e+03,6.545876521e+03,7.241013850e-01,2.414178862e-04,4.828357724e-07,2.078436233e+01,7.002817496e-04
6.000000000e-14,Ok,9.040000000e+03,-0.000000000e+00,2.720861978e+03,6.319138022e+03,6.990196928e-01,2.633649667e-04,5.267299335e-07,2.267384981e+01,7.639437268e-04
6.500000000e-14,Ok,9.040000000e+03,-0.000000000e+00,2.947600476e+03,6.092399524e+03,6.739380005e-01,2.853120473e-04,5.706240946e-07,2.456333730e+01,8.276057041e-04
7.000000000e-14,Ok,9.040000000e+03,-0.000000000e+00,3.174338974e+03,5.865661026e+03,6.488563082e-01,3.072591279e-04,6.145182557e-07,2.645282478e+01,8.912676813e-04
7.500000000e-14,Ok,9.040000000e+03,-0.000000000e+00,3.401077472e+03,5.638922528e+03,6.237746159e-01,3.292062084e-04,6.584124169e-07,2.834231227e+01,9.549296586e-04
8.000000000e-14,Ok,9.040000000e+03,-0.000000000e+00,3.627815970e+03,5.412184030e+03,5.986929237e-01,3.511532890e-04,7.023065780e-07,3.023179975e+01,1.018591636e-03
8.500000000e-14,Ok,9.040000000e+03,-0.000000000e+00,3.854554468e+03,5.185445532e+03,5.736112314e-01,3.731003696e-04,7.462007391e-07,3.212128723e+01,1.082253613e-03
9.000000000e-14,Ok,9.040000000e+03,-0.000000000e+00,4.081292966e+03,4.958707034e+03,5.485295391e-01,3.950474501e-04,7.900949002e-07,3.401077472e+01,1.145915590e-03
9.500000000e-14,Ok,9.040000000e+03,-0.000000000e+00,4.308031464e+03,4.731968536e+03,5.234478469e-01,4.169945307e-04,8.339890614e-07,3.590026220e+01,1.209577567e-03
1.000000000e-13,Ok,9.040000000e+03,-0.000000000e+00,4.534769963e+03,4.505230037e+03,4.983661546e-01,4.389416112e-04,8.778832225e-07,3.778974969e+01,1.273239545e-03
1.050000000e-13,Ok,9.040000000e+03,-0.000000000e+00,4.761508461e+03,4.278491539e+03,4.732844623e-01,4.608886918e-04,9.217773836e-07,3.967923717e+01,1.336901522e-03
1.100000000e-13,Ok,9.040000000e+03,-0.000000000e+00,4.988246959e+03,4.051753041e+03,4.482027700e-01,4.828357724e-04,9.656715447e-07,4.156872466e+01,1.400563499e-03
1.150000000e-13,Ok,9.040000000e+03,-0.000000000e+00,5.214985457e+03,3.825014543e+03,4.231210778e-01,5.047828529e-04,1.009565706e-06,4.345821214e+01,1.464225476e-03
1.200000000e-13,Ok,9.040000000e+03,-0.000000000e+00,5.441723955e+03,3.598276045e+03,3.980393855e-01,5.267299335e-04,1.053459867e-06,4.534769963e+01,1.527887454e-03
1.250000000e-13,Ok,9.040000000e+03,-0.000000000e+00,5.668462453e+03,3.371537547e+03,3.729576932e-01,5.486770141e-04,1.097354028e-06,4.723718711e+01,1.591549431e-03
1.300000000e-13,Ok,9.040000000e+03,-0.000000000e+00,5.895200951e+03,3.144799049e+03,3.478760010e-01,5.706240946e-04,1.141248189e-06,4.912667459e+01,1.655211408e-03
1.350000000e-13,Ok,9.040000000e+03,-0.000000000e+00,6.121939449e+03,2.918060551e+03,3.227943087e-01,5.925711752e-04,1.185142350e-06,5.101616208e+01,1.718873385e-03
1.400000000e-13,Ok,9.040000000e+03,-0.000000000e+00,6.348677948e+03,2.691322052e+03,2.977126164e-01,6.145182557e-04,1.229036511e-06,5.290564956e+01,1.782535363e-03
1.450000000e-13,Ok,9.040000000e+03,-0.000000000e+00,6.575416446e+03,2.464583554e+03,2.726309242e-01,6.364653363e-04,1.272930673e-06,5.479513705e+01,1.846197340e-03
1.500000000e-13,Ok,9.040000000e+03,-0.000000000e+00,6.802154944e+03,2.237845056e+03,2.475492319e-01,6.584124169e-04,1.316824834e-06,5.668462453e+01,1.909859317e-03
1.550000000e-13,Ok,9.040000000e+03,-0.000000000e+00,7.028893442e+03,2.011106558e+03,2.224675396e-01,6.803594974e-04,1.360718995e-06,5.857411202e+01,1.973521294e-03
1.600000000e-13,Ok,9.040000000e+03,-0.000000000e+00,7.255631940e+03,1.784368060e+03,1.973858473e-01,7.023065780e-04,1.404613156e-06,6.046359950e+01,2.037183272e-03
1.650000000e-13,Ok,9.040000000e+03,-0.000000000e+00,7.482370438e+03,1.557629562e+03,1.723041551e-01,7.242536586e-04,1.448507317e-06,6.235308698e+01,2.100845249e-03
1.700000000e-13,Ok,9.040000000e+03,-0.000000000e+00,7.709108936e+03,1.330891064e+03,1.472224628e-01,7.462007391e-04,1.492401478e-06,6.424257447e+01,2.164507226e-03
1.750000000e-13,Ok,9.040000000e+03,-0.000000000e+00,7.935847434e+03,1.104152566e+03,1.221407705e-01,7.681478197e-04,1.536295639e-06,6.613206195e+01,2.228169203e-03
1.800000000e-13,Ok,9.040000000e+03,-0.000000000e+00,8.162585933e+03,8.774140674e+02,9.705907826e-02,7.900949002e-04,1.580189800e-06,6.802154944e+01,2.291831181e-03
1.850000000e-13,Ok,9.040000000e+03,-0.000000000e+00,8.389324431e+03,6.506755693e+02,7.197738599e-02,8.120419808e-04,1.624083962e-06,6.991103692e+01,2.355493158e-03
1.900000000e-13,Ok,9.040000000e+03,-0.000000000e+00,8.616062929e+03,4.239370712e+02,4.689569372e-02,8.339890614e-04,1.667978123e-06,7.180052441e+01,2.419155135e-03
1.950000000e-13,Ok,9.040000000e+03,-0.000000000e+00,8.842801427e+03,1.971985731e+02,2.181400145e-02,8.559361419e-04,1.711872284e-06,7.369001189e+01,2.482817112e-03
2.000000000e-13,Ok,9.040000000e+03,-0.000000000e+00,9.069539925e+03,-2.953992506e+01,-3.267690825e-03,8.778832225e-04,1.755766445e-06,7.557949938e+01,2.546479089e-03
2.050000000e-13,Ok,9.040000000e+03,-0.000000000e+00,9.296278423e+03,-2.562784232e+02,-2.834938310e-02,8.998303031e-04,1.799660606e-06,7.746898686e+01,2.610141067e-03
2.100000000e-13,Ok,9.040000000e+03,-0.000000000e+00,9.523016921e+03,-4.830169213e+02,-5.343107537e-02,9.217773836e-04,1.843554767e-06,7.935847434e+01,2.673803044e-03
2.150000000e-13,Ok,9.040000000e+03,-0.000000000e+00,9.749755419e+03,-7.097554194e+02,-7.851276764e-02,9.437244642e-04,1.887448928e-06,8.124796183e+01,2.737465021e-03
2.200000000e-13,Ok,9.040000000e+03,-0.000000000e+00,9.976493918e+03,-9.364939176e+02,-1.035944599e-01,9.656715447e-04,1.931343089e-06,8.313744931e+01,2.801126998e-03
2.250000000e-13,Ok,9.040000000e+03,-0.000000000e+00,1.020323242e+04,-1.163232416e+03,-1.286761522e-01,9.876186253e-04,1.975237251e-06,8.502693680e+01,2.864788976e-03
2.300000000e-13,Ok,9.040000000e+03,-0.000000000e+00,1.042997091e+04,-1.389970914e+03,-1.537578444e-01,1.009565706e-03,2.019131412e-06,8.691642428e+01,2.928450953e-03
2.350000000e-13,Ok,9.040000000e+03,-0.000000000e+00,1.065670941e+04,-1.616709412e+03,-1.788395367e-01,1.031512786e-03,2.063025573e-06,8.880591177e+01,2.992112930e-03
2.400000000e-13,Ok,9.040000000e+03,-0.000000000e+00,1.088344791e+04,-1.843447910e+03,-2.039212290e-01,1.053459867e-03,2.106919734e-06,9.069539925e+01,3.055774907e-03
2.450000000e-13,Ok,9.040000000e+03,-0.000000000e+00,1.111018641e+04,-2.070186408e+03,-2.290029213e-01,1.075406948e-03,2.150813895e-06,9.258488673e+01,3.119436885e-03
2.500000000e-13,Ok,9.040000000e+03,-0.000000000e+00,1.133692491e+04,-2.296924906e+03,-2.540846135e-01,1.097354028e-03,2.194708056e-06,9.447437422e+01,3.183098862e-03
2.550000000e-13,Ok,9.040000000e+03,-0.000000000e+00,1.156366340e+04,-2.523663404e+03,-2.791663058e-01,1.119301109e-03,2.238602217e-06,9.636386170e+01,3.246760839e-03
2.600000000e-13,Ok,9.040000000e+03,-0.000000000e+00,1.179040190e+04,-2.750401903e+03,-3.042479981e-01,1.141248189e-03,2.282496378e-06,9.825334919e+01,3.310422816e-03
2.650000000e-13,Ok,9.040000000e+03,-0.000000000e+00,1.201714040e+04,-2.977140401e+03,-3.293296903e-01,1.163195270e-03,2.326390540e-06,1.001428367e+02,3.374084794e-03
2.700000000e-13,Ok,9.040000000e+03,-0.000000000e+00,1.224387890e+04,-3.203878899e+03,-3.544113826e-01,1.185142350e-03,2.370284701e-06,1.020323242e+02,3.437746771e-03
2.750000000e-13,Ok,9.040000000e+03,-0.000000000e+00,1.247061740e+04,-3.430617397e+03,-3.794930749e-01,1.207089431e-03,2.414178862e-06,1.039218116e+02,3.501408748e-03
2.800000000e-13,Ok,9.040000000e+03,-0.000000000e+00,1.269735590e+04,-3.657355895e+03,-4.045747672e-01,1.229036511e-03,2.458073023e-06,1.058112991e+02,3.565070725e-03
2.850000000e-13,Ok,9.040000000e+03,-0.000000000e+00,1.292409439e+04,-3.884094393e+03,-4.296564594e-01,1.250983592e-03,2.501967184e-06,1.077007866e+02,3.628732702e-03
2.900000000e-13,Ok,9.040000000e+03,-0.000000000e+00,1.315083289e+04,-4.110832891e+03,-4.547381517e-01,1.272930673e-03,2.545861345e-06,1.095902741e+02,3.692394680e-03
2.950000000e-13,Ok,9.040000000e+03,-0.000000000e+00,1.337757139e+04,-4.337571389e+03,-4.798198440e-01,1.294877753e-03,2.589755506e-06,1.114797616e+02,3.756056657e-03
3.000000000e-13,Ok,9.040000000e+03,-0.000000000e+00,1.360430989e+04,-4.564309888e+03,-5.049015362e-01,1.316824834e-03,2.633649667e-06,1.133692491e+02,3.819718634e-03
3.050000000e-13,Ok,9.040000000e+03,-0.000000000e+00,1.383104839e+04,-4.791048386e+03,-5.299832285e-01,1.338771914e-03,2.677543829e-06,1.152587365e+02,3.883380611e-03
3.100000000e-13,Ok,9.040000000e+03,-0.000000000e+00,1.405778688e+04,-5.017786884e+03,-5.550649208e-01,1.360718995e-03,2.721437990e-06,1.171482240e+02,3.947042589e-03
3.150000000e-13,Ok,9.040000000e+03,-0.000000000e+00,1.428452538e+04,-5.244525382e+03,-5.801466130e-01,1.382666075e-03,2.765332151e-06,1.190377115e+02,4.010704566e-03
3.200000000e-13,Ok,9.040000000e+03,-0.000000000e+00,1.451126388e+04,-5.471263880e+03,-6.052283053e-01,1.404613156e-03,2.809226312e-06,1.209271990e+02,4.074366543e-03
3.250000000e-13,Ok,9.040000000e+03,-0.000000000e+00,1.473800238e+04,-5.698002378e+03,-6.303099976e-01,1.426560237e-03,2.853120473e-06,1.228166865e+02,4.138028520e-03
3.300000000e-13,Ok,9.040000000e+03,-0.000000000e+00,1.496474088e+04,-5.924740876e+03,-6.553916899e-01,1.448507317e-03,2.897014634e-06,1.247061740e+02,4.201690498e-03
3.350000000e-13,Ok,9.040000000e+03,-0.000000000e+00,1.519147937e+04,-6.151479374e+03,-6.804733821e-01,1.470454398e-03,2.940908795e-06,1.265956615e+02,4.265352475e-03
3.400000000e-13,Ok,9.040000000e+03,-0.000000000e+00,1.541821787e+04,-6.378217873e+03,-7.055550744e-01,1.492401478e-03,2.984802956e-06,1.284851489e+02,4.329014452e-03
3.450000000e-13,Ok,9.040000000e+03,-0.000000000e+00,1.564495637e+04,-6.604956371e+03,-7.306367667e-01,1.514348559e-03,3.028697118e-06,1.303746364e+02,4.392676429e-03
3.500000000e-13,Ok,9.040000000e+03,-0.000000000e+00,1.587169487e+04,-6.831694869e+03,-7.557184589e-01,1.536295639e-03,3.072591279e-06,1.322641239e+02,4.456338407e-03
3.550000000e-13,Ok,9.040000000e+03,-0.000000000e+00,1.609843337e+04,-7.058433367e+03,-7.808001512e-01,1.558242720e-03,3.116485440e-06,1.341536114e+02,4.520000384e-03
3.600000000e-13,Ok,9.040000000e+03,-0.000000000e+00,1.632517187e+04,-7.285171865e+03,-8.058818435e-01,1.580189800e-03,3.160379601e-06,1.360430989e+02,4.583662361e-03
3.650000000e-13,Ok,9.040000000e+03,-0.000000000e+00,1.655191036e+04,-7.511910363e+03,-8.309635358e-01,1.602136881e-03,3.204273762e-06,1.379325864e+02,4.647324338e-03
3.700000000e-13,Ok,9.040000000e+03,-0.000000000e+00,1.677864886e+04,-7.738648861e+03,-8.560452280e-01,1.624083962e-03,3.248167923e-06,1.398220738e+02,4.710986316e-03
3.750000000e-13,Ok,9.040000000e+03,-0.000000000e+00,1.700538736e+04,-7.965387359e+03,-8.811269203e-01,1.646031042e-03,3.292062084e-06,1.417115613e+02,4.774648293e-03
3.800000000e-13,Ok,9.040000000e+03,-0.000000000e+00,1.723212586e+04,-8.192125858e+03,-9.062086126e-01,1.667978123e-03,3.335956245e-06,1.436010488e+02,4.838310270e-03
3.850000000e-13,Ok,9.040000000e+03,-0.000000000e+00,1.745886436e+04,-8.418864356e+03,-9.312903048e-01,1.689925203e-03,3.379850407e-06,1.454905363e+02,4.901972247e-03
3.900000000e-13,Ok,9.040000000e+03,-0.000000000e+00,1.768560285e+04,-8.645602854e+03,-9.563719971e-01,1.711872284e-03,3.423744568e-06,1.473800238e+02,4.965634224e-03
3.950000000e-13,Ok,9.040000000e+03,-0.000000000e+00,1.791234135e+04,-8.872341352e+03,-9.814536894e-01,1.733819364e-03,3.467638729e-06,1.492695113e+02,5.029296202e-03
4.000000000e-13,Ok,9.040000000e+03,-0.000000000e+00,1.813907985e+04,-9.099079850e+03,-1.006535382e+00,1.755766445e-03,3.511532890e-06,1.511589988e+02,5.092958179e-03
4.050000000e-13,Ok,9.040000000e+03,-0.000000000e+00,1.836581835e+04,-9.325818348e+03,-1.031617074e+00,1.777713526e-03,3.555427051e-06,1.530484862e+02,5.156620156e-03
4.100000000e-13,Ok,9.040000000e+03,-0.000000000e+00,1.859255685e+04,-9.552556846e+03,-1.056698766e+00,1.799660606e-03,3.599321212e-06,1.549379737e+02,5.220282133e-03
4.150000000e-13,Ok,9.040000000e+03,-0.000000000e+00,1.881929534e+04,-9.779295344e+03,-1.081780458e+00,1.821607687e-03,3.643215373e-06,1.568274612e+02,5.283944111e-03
4.200000000e-13,Ok,9.040000000e+03,-0.000000000e+00,1.904603384e+04,-1.000603384e+04,-1.106862151e+00,1.843554767e-03,3.687109534e-06,1.587169487e+02,5.347606088e-03
4.250000000e-13,Ok,9.040000000e+03,-0.000000000e+00,1.927277234e+04,-1.023277234e+04,-1.131943843e+00,1.865501848e-03,3.731003696e-06,1.606064362e+02,5.411268065e-03
4.300000000e-13,Ok,9.040000000e+03,-0.000000000e+00,1.949951084e+04,-1.045951084e+04,-1.157025535e+00,1.887448928e-03,3.774897857e-06,1.624959237e+02,5.474930042e-03
4.350000000e-13,Ok,9.040000000e+03,-0.000000000e+00,1.972624934e+04,-1.068624934e+04,-1.182107228e+00,1.909396009e-03,3.818792018e-06,1.643854111e+02,5.538592020e-03
4.400000000e-13,Ok,9.040000000e+03,-0.000000000e+00,1.995298784e+04,-1.091298784e+04,-1.207188920e+00,1.931343089e-03,3.862686179e-06,1.662748986e+02,5.602253997e-03
4.450000000e-13,Ok,9.040000000e+03,-0.000000000e+00,2.017972633e+04,-1.113972633e+04,-1.232270612e+00,1.953290170e-03,3.906580340e-06,1.681643861e+02,5.665915974e-03
4.500000000e-13,Ok,9.040000000e+03,-0.000000000e+00,2.040646483e+04,-1.136646483e+04,-1.257352304e+00,1.975237251e-03,3.950474501e-06,1.700538736e+02,5.729577951e-03
4.550000000e-13,Ok,9.040000000e+03,-0.000000000e+00,2.063320333e+04,-1.159320333e+04,-1.282433997e+00,1.997184331e-03,3.994368662e-06,1.719433611e+02,5.793239929e-03
4.600000000e-13,Ok,9.040000000e+03,-0.000000000e+00,2.085994183e+04,-1.181994183e+04,-1.307515689e+00,2.019131412e-03,4.038262823e-06,1.738328486e+02,5.856901906e-03
4.650000000e-13,Ok,9.040000000e+03,-0.000000000e+00,2.108668033e+04,-1.204668033e+04,-1.332597381e+00,2.041078492e-03,4.082156985e-06,1.757223360e+02,5.920563883e-03
4.700000000e-13,Ok,9.040000000e+03,-0.000000000e+00,2.131341882e+04,-1.227341882e+04,-1.357679073e+00,2.063025573e-03,4.126051146e-06,1.776118235e+02,5.984225860e-03
4.750000000e-13,Ok,9.040000000e+03,-0.000000000e+00,2.154015732e+04,-1.250015732e+04,-1.382760766e+00,2.084972653e-03,4.169945307e-06,1.795013110e+02,6.047887837e-03
4.800000000e-13,Ok,9.040000000e+03,-0.000000000e+00,2.176689582e+04,-1.272689582e+04,-1.407842458e+00,2.106919734e-03,4.213839468e-06,1.813907985e+02,6.111549815e-03
4.850000000e-13,Ok,9.040000000e+03,-0.000000000e+00,2.199363432e+04,-1.295363432e+04,-1.432924150e+00,2.128866815e-03,4.257733629e-06,1.832802860e+02,6.175211792e-03
4.900000000e-13,Ok,9.040000000e+03,-0.000000000e+00,2.222037282e+04,-1.318037282e+04,-1.458005843e+00,2.150813895e-03,4.301627790e-06,1.851697735e+02,6.238873769e-03
4.950000000e-13,Ok,9.040000000e+03,-0.000000000e+00,2.244711131e+04,-1.340711131e+04,-1.483087535e+00,2.172760976e-03,4.345521951e-06,1.870592610e+02,6.302535746e-03
5.000000000e-13,Ok,9.040000000e+03,-0.000000000e+00,2.267384981e+04,-1.363384981e+04,-1.508169227e+00,2.194708056e-03,4.389416112e-06,1.889487484e+02,6.366197724e-03
5.050000000e-13,Ok,9.040000000e+03,-0.000000000e+00,2.290058831e+04,-1.386058831e+04,-1.533250919e+00,2.216655137e-03,4.433310274e-06,1.908382359e+02,6.429859701e-03
5.100000000e-13,Ok,9.040000000e+03,-0.000000000e+00,2.312732681e+04,-1.408732681e+04,-1.558332612e+00,2.238602217e-03,4.477204435e-06,1.927277234e+02,6.493521678e-03
5.150000000e-13,Ok,9.040000000e+03,-0.000000000e+00,2.335406531e+04,-1.431406531e+04,-1.583414304e+00,2.260549298e-03,4.521098596e-06,1.946172109e+02,6.557183655e-03
5.200000000e-13,Ok,9.040000000e+03,-0.000000000e+00,2.358080381e+04,-1.454080381e+04,-1.608495996e+00,2.282496378e-03,4.564992757e-06,1.965066984e+02,6.620845633e-03
5.250000000e-13,Ok,9.040000000e+03,-0.000000000e+00,2.380754230e+04,-1.476754230e+04,-1.633577688e+00,2.304443459e-03,4.608886918e-06,1.983961859e+02,6.684507610e-03
5.300000000e-13,Ok,9.040000000e+03,-0.000000000e+00,2.403428080e+04,-1.499428080e+04,-1.658659381e+00,2.326390540e-03,4.652781079e-06,2.002856733e+02,6.748169587e-03
5.350000000e-13,Ok,9.040000000e+03,-0.000000000e+00,2.426101930e+04,-1.522101930e+04,-1.683741073e+00,2.348337620e-03,4.696675240e-06,2.021751608e+02,6.811831564e-03
5.400000000e-13,Ok,9.040000000e+03,-0.000000000e+00,2.448775780e+04,-1.544775780e+04,-1.708822765e+00,2.370284701e-03,4.740569401e-06,2.040646483e+02,6.875493542e-03
5.450000000e-13,Ok,9.040000000e+03,-0.000000000e+00,2.471449630e+04,-1.567449630e+04,-1.733904457e+00,2.392231781e-03,4.784463563e-06,2.059541358e+02,6.939155519e-03
5.500000000e-13,Ok,9.040000000e+03,-0.000000000e+00,2.494123479e+04,-1.590123479e+04,-1.758986150e+00,2.414178862e-03,4.828357724e-06,2.078436233e+02,7.002817496e-03
5.550000000e-13,Ok,9.040000000e+03,-0.000000000e+00,2.516797329e+04,-1.612797329e+04,-1.784067842e+00,2.436125942e-03,4.872251885e-06,2.097331108e+02,7.066479473e-03
5.600000000e-13,Ok,9.040000000e+03,-0.000000000e+00,2.539471179e+04,-1.635471179e+04,-1.809149534e+00,2.458073023e-03,4.916146046e-06,2.116225983e+02,7.130141451e-03
5.650000000e-13,Ok,9.040000000e+03,-0.000000000e+00,2.562145029e+04,-1.658145029e+04,-1.834231227e+00,2.480020104e-03,4.960040207e-06,2.135120857e+02,7.193803428e-03
5.700000000e-13,Ok,9.040000000e+03,-0.000000000e+00,2.584818879e+04,-1.680818879e+04,-1.859312919e+00,2.501967184e-03,5.003934368e-06,2.154015732e+02,7.257465405e-03
5.750000000e-13,Ok,9.040000000e+03,-0.000000000e+00,2.607492728e+04,-1.703492728e+04,-1.884394611e+00,2.523914265e-03,5.047828529e-06,2.172910607e+02,7.321127382e-03
5.800000000e-13,Ok,9.040000000e+03,-0.000000000e+00,2.630166578e+04,-1.726166578e+04,-1.909476303e+00,2.545861345e-03,5.091722690e-06,2.191805482e+02,7.384789359e-03
5.850000000e-13,Ok,9.040000000e+03,-0.000000000e+00,2.652840428e+04,-1.748840428e+04,-1.934557996e+00,2.567808426e-03,5.135616852e-06,2.210700357e+02,7.448451337e-03
5.900000000e-13,Ok,9.040000000e+03,-0.000000000e+00,2.675514278e+04,-1.771514278e+04,-1.959639688e+00,2.589755506e-03,5.179511013e-06,2.229595232e+02,7.512113314e-03
5.950000000e-13,Ok,9.040000000e+03,-0.000000000e+00,2.698188128e+04,-1.794188128e+04,-1.984721380e+00,2.611702587e-03,5.223405174e-06,2.248490106e+02,7.575775291e-03
6.000000000e-13,Ok,9.040000000e+03,-0.000000000e+00,2.720861978e+04,-1.816861978e+04,-2.009803072e+00,2.633649667e-03,5.267299335e-06,2.267384981e+02,7.639437268e-03
