# Die konservative Segmentprojektion: Kraft und Flaeche je Segment,
# und der daraus gebildete Segmentdruck.  Diese Groesse konvergiert.
shape,Pi,level,d_mid_m,tau_mid,area_m2,force_N,pressure_Pa
pi+0.00,0.000000000e+00,1,4.751512004e-06,4.969759916e-02,7.759266896e-13,3.999529014e-09,5.154519193e+03
pi+0.00,0.000000000e+00,1,4.205417610e-06,1.589164780e-01,2.971604887e-12,1.559366557e-08,5.247556846e+03
pi+0.00,0.000000000e+00,1,3.550568419e-06,2.898863163e-01,6.506853963e-12,3.544745175e-08,5.447709747e+03
pi+0.00,0.000000000e+00,1,2.826118826e-06,4.347762348e-01,1.003128063e-11,5.804980297e-08,5.786878573e+03
pi+0.00,0.000000000e+00,1,2.151366192e-06,5.697267616e-01,1.100921459e-11,6.943893702e-08,6.307347039e+03
pi+0.00,0.000000000e+00,1,1.587324774e-06,6.825350453e-01,1.099979818e-11,7.767397657e-08,7.061400154e+03
pi+0.00,0.000000000e+00,1,1.117083188e-06,7.765833624e-01,1.042955908e-11,8.492357009e-08,8.142584883e+03
pi+0.00,0.000000000e+00,1,7.247157907e-07,8.550568419e-01,9.596399843e-12,9.405997507e-08,9.801589826e+03
pi+0.00,0.000000000e+00,1,3.972911950e-07,9.205417610e-01,8.606679528e-12,1.108317438e-07,1.287741032e+04
pi+0.00,0.000000000e+00,1,1.242439979e-07,9.751512004e-01,7.612498949e-12,1.197714891e-07,1.573353112e+04
pi+0.00,0.000000000e+00,2,4.827103585e-06,3.457928304e-02,3.756486579e-13,1.931327780e-09,5.141314203e+03
pi+0.00,0.000000000e+00,2,4.457580469e-06,1.084839062e-01,1.340255736e-12,6.942230439e-09,5.179780435e+03
pi+0.00,0.000000000e+00,2,4.037192655e-06,1.925614690e-01,2.707284354e-12,1.424441109e-08,5.261512731e+03
pi+0.00,0.000000000e+00,2,3.558673115e-06,2.882653771e-01,4.614247760e-12,2.495794403e-08,5.408886850e+03
pi+0.00,0.000000000e+00,2,3.030939057e-06,3.938121886e-01,6.754495241e-12,3.806254782e-08,5.635143185e+03
pi+0.00,0.000000000e+00,2,2.514587396e-06,4.970825207e-01,7.601270066e-12,4.525714004e-08,5.953891868e+03
pi+0.00,0.000000000e+00,2,2.057520662e-06,5.884958676e-01,7.901488572e-12,5.039338840e-08,6.377708193e+03
pi+0.00,0.000000000e+00,2,1.655980099e-06,6.688039802e-01,7.893863112e-12,5.462063596e-08,6.919379674e+03
pi+0.00,0.000000000e+00,2,1.303040275e-06,7.393919451e-01,7.669644945e-12,5.839906989e-08,7.614312046e+03
pi+0.00,0.000000000e+00,2,9.929945801e-07,8.014010840e-01,7.299030507e-12,6.225758484e-08,8.529569068e+03
pi+0.00,0.000000000e+00,2,7.206598509e-07,8.558680298e-01,6.849904356e-12,6.710916579e-08,9.797095303e+03
pi+0.00,0.000000000e+00,2,4.814005075e-07,9.037198985e-01,6.352833950e-12,7.445494041e-08,1.171995695e+04
pi+0.00,0.000000000e+00,2,2.712069916e-07,9.457586017e-01,5.842138907e-12,8.955777419e-08,1.532962081e+04
pi+0.00,0.000000000e+00,2,8.644690958e-08,9.827106181e-01,5.337710177e-12,1.005370418e-07,1.883523804e+04
pi+0.00,0.000000000e+00,3,4.887303601e-06,2.253927972e-02,1.595989167e-13,8.196660860e-10,5.135787277e+03
pi+0.00,0.000000000e+00,3,4.651798170e-06,6.964036597e-02,5.373672858e-13,2.767667532e-09,5.150420587e+03
pi+0.00,0.000000000e+00,3,4.395088828e-06,1.209822345e-01,1.017848290e-12,5.271782494e-09,5.179340128e+03
pi+0.00,0.000000000e+00,3,4.115205583e-06,1.769588835e-01,1.623133830e-12,8.485817566e-09,5.228045529e+03
pi+0.00,0.000000000e+00,3,3.810043846e-06,2.379912309e-01,2.380269077e-12,1.262360930e-08,5.303437928e+03
pi+0.00,0.000000000e+00,3,3.477396741e-06,3.045206519e-01,3.319072582e-12,1.797095749e-08,5.414451492e+03
pi+0.00,0.000000000e+00,3,3.119322072e-06,3.761355857e-01,4.362856860e-12,2.428293665e-08,5.565833907e+03
pi+0.00,0.000000000e+00,3,2.761671920e-06,4.476656159e-01,4.867316792e-12,2.803933491e-08,5.760737612e+03
pi+0.00,0.000000000e+00,3,2.429900384e-06,5.140199232e-01,5.126402295e-12,3.076167423e-08,6.000636013e+03
pi+0.00,0.000000000e+00,3,2.125614215e-06,5.748771569e-01,5.257656940e-12,3.304495593e-08,6.285110708e+03
pi+0.00,0.000000000e+00,3,1.846512165e-06,6.306975671e-01,5.292053331e-12,3.502789326e-08,6.618960745e+03
pi+0.00,0.000000000e+00,3,1.590492664e-06,6.819014672e-01,5.247494798e-12,3.678950353e-08,7.010869938e+03
pi+0.00,0.000000000e+00,3,1.355638787e-06,7.288722427e-01,5.146507589e-12,3.846308776e-08,7.473628884e+03
pi+0.00,0.000000000e+00,3,1.140204839e-06,7.719590321e-01,4.998585645e-12,4.012046271e-08,8.026362968e+03
pi+0.00,0.000000000e+00,3,9.425923419e-07,8.114815316e-01,4.821144799e-12,4.193630054e-08,8.698411328e+03
pi+0.00,0.000000000e+00,3,7.613016297e-07,8.477396741e-01,4.619899326e-12,4.406057695e-08,9.537129241e+03
pi+0.00,0.000000000e+00,3,5.949780772e-07,8.810043846e-01,4.405682271e-12,4.680775454e-08,1.062440541e+04
pi+0.00,0.000000000e+00,3,4.423972087e-07,9.115205583e-01,4.180405714e-12,5.065769550e-08,1.211788974e+04
pi+0.00,0.000000000e+00,3,3.024555861e-07,9.395088828e-01,3.952140222e-12,5.681326949e-08,1.437531725e+04
pi+0.00,0.000000000e+00,3,1.741009149e-07,9.651798170e-01,3.723817727e-12,6.919979564e-08,1.858302439e+04
pi+0.00,0.000000000e+00,3,5.634819930e-08,9.887303601e-01,3.500562050e-12,7.869559329e-08,2.248084512e+04
pi+0.00,0.000000000e+00,4,4.919370951e-06,1.612580976e-02,8.169452213e-14,4.194589145e-10,5.134480301e+03
pi+0.00,0.000000000e+00,4,4.752912472e-06,4.941750566e-02,2.664998205e-13,1.370225359e-09,5.141562034e+03
pi+0.00,0.000000000e+00,4,4.575751029e-06,8.484979421e-02,4.869155981e-13,2.510106145e-09,5.155115496e+03
pi+0.00,0.000000000e+00,4,4.387185536e-06,1.225628927e-01,7.487808054e-13,3.876433770e-09,5.176994044e+03
pi+0.00,0.000000000e+00,4,4.186434545e-06,1.627130910e-01,1.058318005e-12,5.512872489e-09,5.209088820e+03
pi+0.00,0.000000000e+00,4,3.972752124e-06,2.054495751e-01,1.422094306e-12,7.471405771e-09,5.253804716e+03
pi+0.00,0.000000000e+00,4,3.745300096e-06,2.509399809e-01,1.849268824e-12,9.827527298e-09,5.314277281e+03
pi+0.00,0.000000000e+00,4,3.503149321e-06,2.993701358e-01,2.348682916e-12,1.267041096e-08,5.394687752e+03
pi+0.00,0.000000000e+00,4,3.245442909e-06,3.509114181e-01,2.928972159e-12,1.610371186e-08,5.498076110e+03
pi+0.00,0.000000000e+00,4,2.980440358e-06,4.039119284e-01,3.354022006e-12,1.886742935e-08,5.625314717e+03
pi+0.00,0.000000000e+00,4,2.724155550e-06,4.551688900e-01,3.549864210e-12,2.050576729e-08,5.776493431e+03
pi+0.00,0.000000000e+00,4,2.483410194e-06,5.033179613e-01,3.688048466e-12,2.194531522e-08,5.950386885e+03
pi+0.00,0.000000000e+00,4,2.257210250e-06,5.485579499e-01,3.776870424e-12,2.321520993e-08,6.146678949e+03
pi+0.00,0.000000000e+00,4,2.044733776e-06,5.910532447e-01,3.821278254e-12,2.433112611e-08,6.367274114e+03
pi+0.00,0.000000000e+00,4,1.845151305e-06,6.309697390e-01,3.833100240e-12,2.535504337e-08,6.614761365e+03
pi+0.00,0.000000000e+00,4,1.657628654e-06,6.684742692e-01,3.815290495e-12,2.629714911e-08,6.892567983e+03
pi+0.00,0.000000000e+00,4,1.481481659e-06,7.037036681e-01,3.771979431e-12,2.717839656e-08,7.205340605e+03
pi+0.00,0.000000000e+00,4,1.315996552e-06,7.368006896e-01,3.711673545e-12,2.805701985e-08,7.559129194e+03
pi+0.00,0.000000000e+00,4,1.160525451e-06,7.678949098e-01,3.632897751e-12,2.892555211e-08,7.962115670e+03
pi+0.00,0.000000000e+00,4,1.014492267e-06,7.971015466e-01,3.542759732e-12,2.984953481e-08,8.425503582e+03
pi+0.00,0.000000000e+00,4,8.773058517e-07,8.245388297e-01,3.442551957e-12,3.086235452e-08,8.964964046e+03
pi+0.00,0.000000000e+00,4,7.484248733e-07,8.503150253e-01,3.335536344e-12,3.203199932e-08,9.603252974e+03
pi+0.00,0.000000000e+00,4,6.273495131e-07,8.745300974e-01,3.222365888e-12,3.343120295e-08,1.037473835e+04
pi+0.00,0.000000000e+00,4,5.136235261e-07,8.972752948e-01,3.105408640e-12,3.519842505e-08,1.133455501e+04
pi+0.00,0.000000000e+00,4,4.067823409e-07,9.186435318e-01,2.987518614e-12,3.757625702e-08,1.257774825e+04
pi+0.00,0.000000000e+00,4,3.064068679e-07,9.387186264e-01,2.867484232e-12,4.096997591e-08,1.428777723e+04
pi+0.00,0.000000000e+00,4,2.121241443e-07,9.575751711e-01,2.747550394e-12,4.638668886e-08,1.688292559e+04
pi+0.00,0.000000000e+00,4,1.235434434e-07,9.752913113e-01,2.629785750e-12,5.730840557e-08,2.179204354e+04
pi+0.00,0.000000000e+00,4,4.031436859e-08,9.919371263e-01,2.512603011e-12,6.635881428e-08,2.641038556e+04
pi+0.50,5.000000000e-01,1,4.805091528e-06,4.917550340e-02,7.759865940e-13,5.892026559e-09,7.592948904e+03
pi+0.50,5.000000000e-01,1,4.258725342e-06,1.572896465e-01,2.973953384e-12,2.283735926e-08,7.679124825e+03
pi+0.50,5.000000000e-01,1,3.602668631e-06,2.871091908e-01,6.524014514e-12,5.106245883e-08,7.826846295e+03
pi+0.50,5.000000000e-01,1,2.875047396e-06,4.310898186e-01,1.009108828e-11,8.136213366e-08,8.062770973e+03
pi+0.50,5.000000000e-01,1,2.194903311e-06,5.656757372e-01,1.112264150e-11,9.362493971e-08,8.417509427e+03
pi+0.50,5.000000000e-01,1,1.623855146e-06,6.786739143e-01,1.116354485e-11,9.964705871e-08,8.926112630e+03
pi+0.50,5.000000000e-01,1,1.145637215e-06,7.733029805e-01,1.063187953e-11,1.026105893e-07,9.651218206e+03
pi+0.50,5.000000000e-01,1,7.448897111e-07,8.526023114e-01,9.823486119e-12,1.056513895e-07,1.075497927e+04
pi+0.50,5.000000000e-01,1,4.091297379e-07,9.190420047e-01,8.844081029e-12,1.128728673e-07,1.276253202e+04
pi+0.50,5.000000000e-01,1,1.281102753e-07,9.746497258e-01,7.849334240e-12,1.170593134e-07,1.491327924e+04
pi+0.50,5.000000000e-01,2,4.880700072e-06,3.421419499e-02,3.756626964e-13,2.873458260e-09,7.649038053e+03
pi+0.50,5.000000000e-01,2,4.511092809e-06,1.073515406e-01,1.340748967e-12,1.031239146e-08,7.691515504e+03
pi+0.50,5.000000000e-01,2,4.090365012e-06,1.906045430e-01,2.710427271e-12,2.101930523e-08,7.754978506e+03
pi+0.50,5.000000000e-01,2,3.610909828e-06,2.854784348e-01,4.626278787e-12,3.635879943e-08,7.859189016e+03
pi+0.50,5.000000000e-01,2,3.081163052e-06,3.903039535e-01,6.787477079e-12,5.441036812e-08,8.016287567e+03
pi+0.50,5.000000000e-01,2,2.561562126e-06,4.931218262e-01,7.660661716e-12,6.308820080e-08,8.235346128e+03
pi+0.50,5.000000000e-01,2,2.100232219e-06,5.844091146e-01,7.988428364e-12,6.809871696e-08,8.524670168e+03
pi+0.50,5.000000000e-01,2,1.693650941e-06,6.648628244e-01,8.006583449e-12,7.120641083e-08,8.893482630e+03
pi+0.50,5.000000000e-01,2,1.335128788e-06,7.358066646e-01,7.804142326e-12,7.309456253e-08,9.366123717e+03
pi+0.50,5.000000000e-01,2,1.019184629e-06,7.983252335e-01,7.450094494e-12,7.440554867e-08,9.987195294e+03
pi+0.50,5.000000000e-01,2,7.408275019e-07,8.534061355e-01,7.012310222e-12,7.603217124e-08,1.084267079e+04
pi+0.50,5.000000000e-01,2,4.955768324e-07,9.019359799e-01,6.521461458e-12,7.907742914e-08,1.212572207e+04
pi+0.50,5.000000000e-01,2,2.795435639e-07,9.446843277e-01,6.012624222e-12,8.703184787e-08,1.447485235e+04
pi+0.50,5.000000000e-01,2,8.918049223e-08,9.823530944e-01,5.506478437e-12,9.430159199e-08,1.712557183e+04
pi+0.50,5.000000000e-01,3,4.940906319e-06,2.230067089e-02,1.596014506e-13,1.227646135e-09,7.691948476e+03
pi+0.50,5.000000000e-01,3,4.705379112e-06,6.890645064e-02,5.374487484e-13,4.145067422e-09,7.712488743e+03
pi+0.50,5.000000000e-01,3,4.448588088e-06,1.197198836e-01,1.018314191e-12,7.878946655e-09,7.737245264e+03
pi+0.50,5.000000000e-01,3,4.168498178e-06,1.751436662e-01,1.624724611e-12,1.262826936e-08,7.772559896e+03
pi+0.50,5.000000000e-01,3,3.862907864e-06,2.356134313e-01,2.384493628e-12,1.865945965e-08,7.825334247e+03
pi+0.50,5.000000000e-01,3,3.529469434e-06,3.015937411e-01,3.328733672e-12,2.630450531e-08,7.902255904e+03
pi+0.50,5.000000000e-01,3,3.170063283e-06,3.727125056e-01,4.382276416e-12,3.508811100e-08,8.006822862e+03
pi+0.50,5.000000000e-01,3,2.810492489e-06,4.438638494e-01,4.898090774e-12,3.987549672e-08,8.141028527e+03
pi+0.50,5.000000000e-01,3,2.476295839e-06,5.099941946e-01,5.169264126e-12,4.293441899e-08,8.305711982e+03
pi+0.50,5.000000000e-01,3,2.169152462e-06,5.707712776e-01,5.312814953e-12,4.516295164e-08,8.500757515e+03
pi+0.50,5.000000000e-01,3,1.886829288e-06,6.266369751e-01,5.359092459e-12,4.678320562e-08,8.729688091e+03
pi+0.50,5.000000000e-01,3,1.627296727e-06,6.779928994e-01,5.325452128e-12,4.792133043e-08,8.998546842e+03
pi+0.50,5.000000000e-01,3,1.388708398e-06,7.252044097e-01,5.234139686e-12,4.876168331e-08,9.316083681e+03
pi+0.50,5.000000000e-01,3,1.169385283e-06,7.686037473e-01,5.094358319e-12,4.939097416e-08,9.695229716e+03
pi+0.50,5.000000000e-01,3,9.677893303e-07,8.084952602e-01,4.923529042e-12,5.000138072e-08,1.015559780e+04
pi+0.50,5.000000000e-01,3,7.824737907e-07,8.451652286e-01,4.727287561e-12,5.071645650e-08,1.072844752e+04
pi+0.50,5.000000000e-01,3,6.121299117e-07,8.788726267e-01,4.516597274e-12,5.179199364e-08,1.146703824e+04
pi+0.50,5.000000000e-01,3,4.555725552e-07,9.098519679e-01,4.293369340e-12,5.354725813e-08,1.247208285e+04
pi+0.50,5.000000000e-01,3,3.117313789e-07,9.383150498e-01,4.065884521e-12,5.678924350e-08,1.396725441e+04
pi+0.50,5.000000000e-01,3,1.795799564e-07,9.644649804e-01,3.837201170e-12,6.397445547e-08,1.667216616e+04
pi+0.50,5.000000000e-01,3,5.815283964e-08,9.884928010e-01,3.612668004e-12,7.101951300e-08,1.965846652e+04
pi+0.50,5.000000000e-01,4,4.972975180e-06,1.595493134e-02,8.169518602e-14,6.307910947e-10,7.721276191e+03
pi+0.50,5.000000000e-01,4,4.806509013e-06,4.889501357e-02,2.665201613e-13,2.061205400e-09,7.733769147e+03
pi+0.50,5.000000000e-01,4,4.629319882e-06,8.395694004e-02,4.870251856e-13,3.772818317e-09,7.746659574e+03
pi+0.50,5.000000000e-01,4,4.440687456e-06,1.212832493e-01,7.491325593e-13,5.815574066e-09,7.763077433e+03
pi+0.50,5.000000000e-01,4,4.239804185e-06,1.610337376e-01,1.059194728e-12,8.246798384e-09,7.785913361e+03
pi+0.50,5.000000000e-01,4,4.025889381e-06,2.033628866e-01,1.423973893e-12,1.113138350e-08,7.817126108e+03
pi+0.50,5.000000000e-01,4,3.798059018e-06,2.484456263e-01,1.852918792e-12,1.456211947e-08,7.859016560e+03
pi+0.50,5.000000000e-01,4,3.555324059e-06,2.964776656e-01,2.355288902e-12,1.864110124e-08,7.914570998e+03
pi+0.50,5.000000000e-01,4,3.296750462e-06,3.476438314e-01,2.940309087e-12,2.348124074e-08,7.985977001e+03
pi+0.50,5.000000000e-01,4,3.030552748e-06,4.003186465e-01,3.371254393e-12,2.721888119e-08,8.073814082e+03
pi+0.50,5.000000000e-01,4,2.772775589e-06,4.513272145e-01,3.573073770e-12,2.922075037e-08,8.178042843e+03
pi+0.50,5.000000000e-01,4,2.530282823e-06,4.993113289e-01,3.717597388e-12,3.084796325e-08,8.297822499e+03
pi+0.50,5.000000000e-01,4,2.302102024e-06,5.444634123e-01,3.812896750e-12,3.215429787e-08,8.433036607e+03
pi+0.50,5.000000000e-01,4,2.087437180e-06,5.869409782e-01,3.863692115e-12,3.317009766e-08,8.585077868e+03
pi+0.50,5.000000000e-01,4,1.885485903e-06,6.269028021e-01,3.881699157e-12,3.398729468e-08,8.755777639e+03
pi+0.50,5.000000000e-01,4,1.695440974e-06,6.645086152e-01,3.869712173e-12,3.462436876e-08,8.947530774e+03
pi+0.50,5.000000000e-01,4,1.516646023e-06,6.998882991e-01,3.831742686e-12,3.511238783e-08,9.163555777e+03
pi+0.50,5.000000000e-01,4,1.348412963e-06,7.331780115e-01,3.776291697e-12,3.552740387e-08,9.408013659e+03
pi+0.50,5.000000000e-01,4,1.190118579e-06,7.645010731e-01,3.701751103e-12,3.585698354e-08,9.686492295e+03
pi+0.50,5.000000000e-01,4,1.041210190e-06,7.939668477e-01,3.615270249e-12,3.617651649e-08,1.000658706e+04
pi+0.50,5.000000000e-01,4,9.011172648e-07,8.216882312e-01,3.518109071e-12,3.651387327e-08,1.037883492e+04
pi+0.50,5.000000000e-01,4,7.693172831e-07,8.477686191e-01,3.413557640e-12,3.692921853e-08,1.081839606e+04
pi+0.50,5.000000000e-01,4,6.453274499e-07,8.723035463e-01,3.302257251e-12,3.747375993e-08,1.134792267e+04
pi+0.50,5.000000000e-01,4,5.287069098e-07,8.953802486e-01,3.186617665e-12,3.824994902e-08,1.200330665e+04
pi+0.50,5.000000000e-01,4,4.190036552e-07,9.170881684e-01,3.069566530e-12,3.943010731e-08,1.284549689e+04
pi+0.50,5.000000000e-01,4,3.158098407e-07,9.375080098e-01,2.949866368e-12,4.126863140e-08,1.399000031e+04
pi+0.50,5.000000000e-01,4,2.187626496e-07,9.567115663e-01,2.829835228e-12,4.441257721e-08,1.569440396e+04
pi+0.50,5.000000000e-01,4,1.274787575e-07,9.747746896e-01,2.711623519e-12,5.100466465e-08,1.880964090e+04
pi+0.50,5.000000000e-01,4,4.161426422e-08,9.917654301e-01,2.593617457e-12,5.787500061e-08,2.231439353e+04
pi-0.50,-5.000000000e-01,1,4.805091528e-06,4.917550340e-02,7.759865940e-13,2.552384962e-09,3.289212703e+03
pi-0.50,-5.000000000e-01,1,4.258725342e-06,1.572896465e-01,2.973953384e-12,1.002340804e-08,3.370398506e+03
pi-0.50,-5.000000000e-01,1,3.602668631e-06,2.871091908e-01,6.524014514e-12,2.325459899e-08,3.564461566e+03
pi-0.50,-5.000000000e-01,1,2.875047396e-06,4.310898186e-01,1.009108828e-11,3.942978248e-08,3.907386537e+03
pi-0.50,-5.000000000e-01,1,2.194903311e-06,5.656757372e-01,1.112264150e-11,4.952501345e-08,4.452630559e+03
pi-0.50,-5.000000000e-01,1,1.623855146e-06,6.786739143e-01,1.116354485e-11,5.886938677e-08,5.273359631e+03
pi-0.50,-5.000000000e-01,1,1.145637215e-06,7.733029805e-01,1.063187953e-11,6.915587291e-08,6.504576420e+03
pi-0.50,-5.000000000e-01,1,7.448897111e-07,8.526023114e-01,9.823486119e-12,8.355527829e-08,8.505664616e+03
pi-0.50,-5.000000000e-01,1,4.091297379e-07,9.190420047e-01,8.844081029e-12,1.109824098e-07,1.254877804e+04
pi-0.50,-5.000000000e-01,1,1.281102753e-07,9.746497258e-01,7.849334240e-12,1.226627087e-07,1.562714810e+04
pi-0.50,-5.000000000e-01,2,4.880700072e-06,3.421419499e-02,3.756626964e-13,1.219550558e-09,3.246397819e+03
pi-0.50,-5.000000000e-01,2,4.511092809e-06,1.073515406e-01,1.340748967e-12,4.393411091e-09,3.276833472e+03
pi-0.50,-5.000000000e-01,2,4.090365012e-06,1.906045430e-01,2.710427271e-12,9.088546770e-09,3.353178618e+03
pi-0.50,-5.000000000e-01,2,3.610909828e-06,2.854784348e-01,4.626278787e-12,1.617725965e-08,3.496819018e+03
pi-0.50,-5.000000000e-01,2,3.081163052e-06,3.903039535e-01,6.787477079e-12,2.526295816e-08,3.721995355e+03
pi-0.50,-5.000000000e-01,2,2.561562126e-06,4.931218262e-01,7.660661716e-12,3.099769154e-08,4.046346477e+03
pi-0.50,-5.000000000e-01,2,2.100232219e-06,5.844091146e-01,7.988428364e-12,3.585171980e-08,4.487956601e+03
pi-0.50,-5.000000000e-01,2,1.693650941e-06,6.648628244e-01,8.006583449e-12,4.057055072e-08,5.067148926e+03
pi-0.50,-5.000000000e-01,2,1.335128788e-06,7.358066646e-01,7.804142326e-12,4.551268490e-08,5.831862491e+03
pi-0.50,-5.000000000e-01,2,1.019184629e-06,7.983252335e-01,7.450094494e-12,5.120158441e-08,6.872608724e+03
pi-0.50,-5.000000000e-01,2,7.408275019e-07,8.534061355e-01,7.012310222e-12,5.870370242e-08,8.371521020e+03
pi-0.50,-5.000000000e-01,2,4.955768324e-07,9.019359799e-01,6.521461458e-12,7.020005001e-08,1.076446598e+04
pi-0.50,-5.000000000e-01,2,2.795435639e-07,9.446843277e-01,6.012624222e-12,9.399396791e-08,1.563276939e+04
pi-0.50,-5.000000000e-01,2,8.918049223e-08,9.823530944e-01,5.506478437e-12,1.073769647e-07,1.950011534e+04
pi-0.50,-5.000000000e-01,3,4.940906319e-06,2.230067089e-02,1.596014506e-13,5.137907167e-10,3.219210820e+03
pi-0.50,-5.000000000e-01,3,4.705379112e-06,6.890645064e-02,5.374487484e-13,1.735424335e-09,3.229004328e+03
pi-0.50,-5.000000000e-01,3,4.448588088e-06,1.197198836e-01,1.018314191e-12,3.314431475e-09,3.254822041e+03
pi-0.50,-5.000000000e-01,3,4.168498178e-06,1.751436662e-01,1.624724611e-12,5.363495092e-09,3.301171814e+03
pi-0.50,-5.000000000e-01,3,3.862907864e-06,2.356134313e-01,2.384493628e-12,8.045635498e-09,3.374148457e+03
pi-0.50,-5.000000000e-01,3,3.529469434e-06,3.015937411e-01,3.328733672e-12,1.159316982e-08,3.482756797e+03
pi-0.50,-5.000000000e-01,3,3.170063283e-06,3.727125056e-01,4.382276416e-12,1.591844779e-08,3.632460912e+03
pi-0.50,-5.000000000e-01,3,2.810492489e-06,4.438638494e-01,4.898090774e-12,1.874852629e-08,3.827721280e+03
pi-0.50,-5.000000000e-01,3,2.476295839e-06,5.099941946e-01,5.169264126e-12,2.104666059e-08,4.071500328e+03
pi-0.50,-5.000000000e-01,3,2.169152462e-06,5.707712776e-01,5.312814953e-12,2.319030745e-08,4.364975564e+03
pi-0.50,-5.000000000e-01,3,1.886829288e-06,6.266369751e-01,5.359092459e-12,2.526791259e-08,4.714961122e+03
pi-0.50,-5.000000000e-01,3,1.627296727e-06,6.779928994e-01,5.325452128e-12,2.733514570e-08,5.132924874e+03
pi-0.50,-5.000000000e-01,3,1.388708398e-06,7.252044097e-01,5.234139686e-12,2.949756081e-08,5.635608252e+03
pi-0.50,-5.000000000e-01,3,1.169385283e-06,7.686037473e-01,5.094358319e-12,3.182984976e-08,6.248058688e+03
pi-0.50,-5.000000000e-01,3,9.677893303e-07,8.084952602e-01,4.923529042e-12,3.450915184e-08,7.009027783e+03
pi-0.50,-5.000000000e-01,3,7.824737907e-07,8.451652286e-01,4.727287561e-12,3.773327667e-08,7.982014250e+03
pi-0.50,-5.000000000e-01,3,6.121299117e-07,8.788726267e-01,4.516597274e-12,4.191076650e-08,9.279279058e+03
pi-0.50,-5.000000000e-01,3,4.555725552e-07,9.098519679e-01,4.293369340e-12,4.775800203e-08,1.112366495e+04
pi-0.50,-5.000000000e-01,3,3.117313789e-07,9.383150498e-01,4.065884521e-12,5.709906528e-08,1.404345475e+04
pi-0.50,-5.000000000e-01,3,1.795799564e-07,9.644649804e-01,3.837201170e-12,7.636839289e-08,1.990210821e+04
pi-0.50,-5.000000000e-01,3,5.815283964e-08,9.884928010e-01,3.612668004e-12,8.730588894e-08,2.416659622e+04
pi-0.50,-5.000000000e-01,4,4.972975180e-06,1.595493134e-02,8.169518602e-14,2.616938040e-10,3.203295283e+03
pi-0.50,-5.000000000e-01,4,4.806509013e-06,4.889501357e-02,2.665201613e-13,8.547331130e-10,3.207011090e+03
pi-0.50,-5.000000000e-01,4,4.629319882e-06,8.395694004e-02,4.870251856e-13,1.567506934e-09,3.218533621e+03
pi-0.50,-5.000000000e-01,4,4.440687456e-06,1.212832493e-01,7.491325593e-13,2.426434397e-09,3.238992041e+03
pi-0.50,-5.000000000e-01,4,4.239804185e-06,1.610337376e-01,1.059194728e-12,3.463171384e-09,3.269626720e+03
pi-0.50,-5.000000000e-01,4,4.025889381e-06,2.033628866e-01,1.423973893e-12,4.717211661e-09,3.312709371e+03
pi-0.50,-5.000000000e-01,4,3.798059018e-06,2.484456263e-01,1.852918792e-12,6.246843007e-09,3.371352826e+03
pi-0.50,-5.000000000e-01,4,3.555324059e-06,2.964776656e-01,2.355288902e-12,8.125287606e-09,3.449805074e+03
pi-0.50,-5.000000000e-01,4,3.296750462e-06,3.476438314e-01,2.940309087e-12,1.044208378e-08,3.551355819e+03
pi-0.50,-5.000000000e-01,4,3.030552748e-06,4.003186465e-01,3.371254393e-12,1.239729966e-08,3.677355138e+03
pi-0.50,-5.000000000e-01,4,2.772775589e-06,4.513272145e-01,3.573073770e-12,1.367940069e-08,3.828468588e+03
pi-0.50,-5.000000000e-01,4,2.530282823e-06,4.993113289e-01,3.717597388e-12,1.488534438e-08,4.004022714e+03
pi-0.50,-5.000000000e-01,4,2.302102024e-06,5.444634123e-01,3.812896750e-12,1.603042545e-08,4.204264238e+03
pi-0.50,-5.000000000e-01,4,2.087437180e-06,5.869409782e-01,3.863692115e-12,1.712300379e-08,4.431772327e+03
pi-0.50,-5.000000000e-01,4,1.885485903e-06,6.269028021e-01,3.881699157e-12,1.820502178e-08,4.689962062e+03
pi-0.50,-5.000000000e-01,4,1.695440974e-06,6.645086152e-01,3.869712173e-12,1.928389627e-08,4.983289559e+03
pi-0.50,-5.000000000e-01,4,1.516646023e-06,6.998882991e-01,3.831742686e-12,2.037614464e-08,5.317722591e+03
pi-0.50,-5.000000000e-01,4,1.348412963e-06,7.331780115e-01,3.776291697e-12,2.152878267e-08,5.701038055e+03
pi-0.50,-5.000000000e-01,4,1.190118579e-06,7.645010731e-01,3.701751103e-12,2.274267755e-08,6.143761943e+03
pi-0.50,-5.000000000e-01,4,1.041210190e-06,7.939668477e-01,3.615270249e-12,2.407905912e-08,6.660375978e+03
pi-0.50,-5.000000000e-01,4,9.011172648e-07,8.216882312e-01,3.518109071e-12,2.558127400e-08,7.271313506e+03
pi-0.50,-5.000000000e-01,4,7.693172831e-07,8.477686191e-01,3.413557640e-12,2.733087951e-08,8.006567455e+03
pi-0.50,-5.000000000e-01,4,6.453274499e-07,8.723035463e-01,3.302257251e-12,2.943005535e-08,8.912102575e+03
pi-0.50,-5.000000000e-01,4,5.287069098e-07,8.953802486e-01,3.186617665e-12,3.206692613e-08,1.006299767e+04
pi-0.50,-5.000000000e-01,4,4.190036552e-07,9.170881684e-01,3.069566530e-12,3.558179195e-08,1.159179696e+04
pi-0.50,-5.000000000e-01,4,3.158098407e-07,9.375080098e-01,2.949866368e-12,4.059714997e-08,1.376236917e+04
pi-0.50,-5.000000000e-01,4,2.187626496e-07,9.567115663e-01,2.829835228e-12,4.868245378e-08,1.720328212e+04
pi-0.50,-5.000000000e-01,4,1.274787575e-07,9.747746896e-01,2.711623519e-12,6.563194794e-08,2.420393078e+04
pi-0.50,-5.000000000e-01,4,4.161426422e-08,9.917654301e-01,2.593617457e-12,7.614235725e-08,2.935758974e+04
pi+1.50,1.500000000e+00,1,5.405028472e-06,4.399183637e-02,7.764669985e-13,1.183468952e-08,1.524171605e+04
pi+1.50,1.500000000e+00,1,4.856461257e-06,1.410190285e-01,2.992982898e-12,4.561836904e-08,1.524177404e+04
pi+1.50,1.500000000e+00,1,4.190403457e-06,2.588272319e-01,6.666816884e-12,1.002631674e-07,1.503913624e+04
pi+1.50,1.500000000e+00,1,3.435456841e-06,3.923575421e-01,1.061342986e-11,1.556689366e-07,1.466716591e+04
pi+1.50,1.500000000e+00,1,2.706309020e-06,5.213247201e-01,1.218037644e-11,1.723156485e-07,1.414698875e+04
pi+1.50,1.500000000e+00,1,2.067109311e-06,6.343824298e-01,1.280926805e-11,1.730193674e-07,1.350735785e+04
pi+1.50,1.500000000e+00,1,1.505195997e-06,7.337701978e-01,1.283559020e-11,1.644125313e-07,1.280911347e+04
pi+1.50,1.500000000e+00,1,1.009131859e-06,8.215109688e-01,1.251211114e-11,1.515418541e-07,1.211161349e+04
pi+1.50,1.500000000e+00,1,5.703762002e-07,8.991153688e-01,1.190235066e-11,1.373367514e-07,1.153862421e+04
pi+1.50,1.500000000e+00,1,1.822802817e-07,9.677593859e-01,1.116702287e-11,1.228451598e-07,1.100070818e+04
pi+1.50,1.500000000e+00,2,5.480773158e-06,3.059458260e-02,3.757751367e-13,5.872217575e-09,1.562694548e+04
pi+1.50,1.500000000e+00,2,5.110488965e-06,9.608817128e-02,1.344718008e-12,2.106982127e-08,1.566857969e+04
pi+1.50,1.500000000e+00,2,4.687000838e-06,1.709921441e-01,2.736000931e-12,4.265603013e-08,1.559064898e+04
pi+1.50,1.500000000e+00,2,4.199816790e-06,2.571622596e-01,4.726199213e-12,7.279297910e-08,1.540201245e+04
pi+1.50,1.500000000e+00,2,3.652975226e-06,3.538842291e-01,7.070532022e-12,1.069220028e-07,1.512220048e+04
pi+1.50,1.500000000e+00,2,3.104754221e-06,4.508501857e-01,8.192870685e-12,1.208881665e-07,1.475528800e+04
pi+1.50,1.500000000e+00,2,2.604139053e-06,5.393959149e-01,8.806972834e-12,1.260388742e-07,1.431125957e+04
pi+1.50,1.500000000e+00,2,2.148689305e-06,6.199530627e-01,9.126450160e-12,1.261075370e-07,1.381780810e+04
pi+1.50,1.500000000e+00,2,1.733012206e-06,6.934754692e-01,9.218427634e-12,1.225658748e-07,1.329574627e+04
pi+1.50,1.500000000e+00,2,1.353121210e-06,7.606682500e-01,9.134711966e-12,1.165796651e-07,1.276227050e+04
pi+1.50,1.500000000e+00,2,1.005513472e-06,8.221509668e-01,8.935196074e-12,1.093627121e-07,1.223954250e+04
pi+1.50,1.500000000e+00,2,6.871275488e-07,8.784651090e-01,8.642221702e-12,1.017063791e-07,1.176854548e+04
pi+1.50,1.500000000e+00,2,3.954007026e-07,9.300639577e-01,8.289881335e-12,9.521897510e-08,1.148616865e+04
pi+1.50,1.500000000e+00,2,1.279430212e-07,9.773702260e-01,7.899424617e-12,8.976333531e-08,1.136327513e+04
pi+1.50,1.500000000e+00,3,5.541029314e-06,1.993684459e-02,1.596217317e-13,2.535874263e-09,1.588677328e+04
pi+1.50,1.500000000e+00,3,5.305327515e-06,6.162632795e-02,5.381020088e-13,8.572951860e-09,1.593183397e+04
pi+1.50,1.500000000e+00,3,5.047879303e-06,1.071621828e-01,1.022066114e-12,1.626827510e-08,1.591704771e+04
pi+1.50,1.500000000e+00,3,4.766116510e-06,1.569986512e-01,1.637627912e-12,2.596266552e-08,1.585382451e+04
pi+1.50,1.500000000e+00,3,4.457023800e-06,2.116690670e-01,2.419140884e-12,3.809698418e-08,1.574814614e+04
pi+1.50,1.500000000e+00,3,4.117027259e-06,2.718055622e-01,3.409245562e-12,5.316494083e-08,1.559434187e+04
pi+1.50,1.500000000e+00,3,3.746369593e-06,3.373652084e-01,4.547722105e-12,7.000689066e-08,1.539383653e+04
pi+1.50,1.500000000e+00,3,3.370174369e-06,4.039043039e-01,5.167518963e-12,7.828352893e-08,1.514915175e+04
pi+1.50,1.500000000e+00,3,3.014380361e-06,4.668349577e-01,5.556184708e-12,8.259198176e-08,1.486487331e+04
pi+1.50,1.500000000e+00,3,2.680976185e-06,5.258054361e-01,5.827491573e-12,8.480213992e-08,1.455208281e+04
pi+1.50,1.500000000e+00,3,2.368028481e-06,5.811576995e-01,6.006978029e-12,8.540979163e-08,1.421842917e+04
pi+1.50,1.500000000e+00,3,2.073883141e-06,6.331843165e-01,6.107009629e-12,8.469861739e-08,1.386908201e+04
pi+1.50,1.500000000e+00,3,1.797109400e-06,6.821383521e-01,6.146653469e-12,8.303374357e-08,1.350877253e+04
pi+1.50,1.500000000e+00,3,1.536469496e-06,7.282387337e-01,6.131161900e-12,8.057779814e-08,1.314233737e+04
pi+1.50,1.500000000e+00,3,1.290869462e-06,7.716789560e-01,6.076608520e-12,7.763054834e-08,1.277530848e+04
pi+1.50,1.500000000e+00,3,1.059295342e-06,8.126383607e-01,5.986066409e-12,7.431627300e-08,1.241487614e+04
pi+1.50,1.500000000e+00,3,8.408585988e-07,8.512741072e-01,5.870098397e-12,7.086272714e-08,1.207181249e+04
pi+1.50,1.500000000e+00,3,6.347830557e-07,8.877234807e-01,5.728569277e-12,6.739864307e-08,1.176535358e+04
pi+1.50,1.500000000e+00,3,4.403911361e-07,9.221063268e-01,5.570292658e-12,6.427605162e-08,1.153907982e+04
pi+1.50,1.500000000e+00,3,2.570123095e-07,9.545412448e-01,5.397986645e-12,6.232102988e-08,1.154523603e+04
pi+1.50,1.500000000e+00,3,8.399932974e-08,9.851427156e-01,5.218216187e-12,6.135860302e-08,1.175853986e+04
pi+1.50,1.500000000e+00,4,5.573110280e-06,1.426256087e-02,8.170049853e-14,1.310373023e-09,1.603873963e+04
pi+1.50,1.500000000e+00,4,5.406582538e-06,4.371696272e-02,2.666830819e-13,4.287568372e-09,1.607739172e+04
pi+1.50,1.500000000e+00,4,5.229171290e-06,7.509637212e-02,4.879047237e-13,7.844702018e-09,1.607834816e+04
pi+1.50,1.500000000e+00,4,5.040000391e-06,1.085557563e-01,7.519651640e-13,1.207088048e-08,1.605244639e+04
pi+1.50,1.500000000e+00,4,4.838048418e-06,1.442757781e-01,1.066289604e-12,1.706889656e-08,1.600774920e+04
pi+1.50,1.500000000e+00,4,4.622244862e-06,1.824457825e-01,1.439288195e-12,2.294650271e-08,1.594295207e+04
pi+1.50,1.500000000e+00,4,4.391314506e-06,2.232913224e-01,1.882928083e-12,2.985418406e-08,1.585519082e+04
pi+1.50,1.500000000e+00,4,4.143741824e-06,2.670804544e-01,2.410244984e-12,3.793880720e-08,1.574064357e+04
pi+1.50,1.500000000e+00,4,3.877888295e-06,3.141029901e-01,3.036052347e-12,4.735692595e-08,1.559819151e+04
pi+1.50,1.500000000e+00,4,3.601490152e-06,3.629905921e-01,3.519469774e-12,5.430437907e-08,1.542970463e+04
pi+1.50,1.500000000e+00,4,3.330730894e-06,4.108808228e-01,3.776844075e-12,5.754938242e-08,1.523742608e+04
pi+1.50,1.500000000e+00,4,3.072711454e-06,4.565177131e-01,3.982830431e-12,5.984605236e-08,1.502601062e+04
pi+1.50,1.500000000e+00,4,2.826525743e-06,5.000615263e-01,4.143957248e-12,6.133141192e-08,1.480020383e+04
pi+1.50,1.500000000e+00,4,2.591487578e-06,5.416336299e-01,4.263174271e-12,6.208207670e-08,1.456240650e+04
pi+1.50,1.500000000e+00,4,2.366923976e-06,5.813530576e-01,4.351316350e-12,6.228728841e-08,1.431458515e+04
pi+1.50,1.500000000e+00,4,2.152168643e-06,6.193376589e-01,4.409694167e-12,6.199410241e-08,1.405859456e+04
pi+1.50,1.500000000e+00,4,1.946729475e-06,6.556744742e-01,4.441043621e-12,6.126922975e-08,1.379613329e+04
pi+1.50,1.500000000e+00,4,1.750078765e-06,6.904568413e-01,4.453608654e-12,6.025289150e-08,1.352900450e+04
pi+1.50,1.500000000e+00,4,1.561762033e-06,7.237651455e-01,4.444093784e-12,5.892468071e-08,1.325909928e+04
pi+1.50,1.500000000e+00,4,1.381401096e-06,7.556662778e-01,4.419683734e-12,5.740514179e-08,1.298851801e+04
pi+1.50,1.500000000e+00,4,1.208589546e-06,7.862321210e-01,4.380834193e-12,5.572337698e-08,1.271980964e+04
pi+1.50,1.500000000e+00,4,1.042967548e-06,8.155263204e-01,4.330651897e-12,5.394345637e-08,1.245619774e+04
pi+1.50,1.500000000e+00,4,8.842132273e-07,8.436058074e-01,4.269101883e-12,5.209223927e-08,1.220215415e+04
pi+1.50,1.500000000e+00,4,7.320453497e-07,8.705203249e-01,4.198518671e-12,5.023261842e-08,1.196436704e+04
pi+1.50,1.500000000e+00,4,5.861539064e-07,8.963247053e-01,4.122192220e-12,4.845235938e-08,1.175402718e+04
pi+1.50,1.500000000e+00,4,4.462721207e-07,9.210661345e-01,4.038001934e-12,4.681026443e-08,1.159243239e+04
pi+1.50,1.500000000e+00,4,3.121785679e-07,9.447837766e-01,3.948650895e-12,4.552589569e-08,1.152948106e+04
pi+1.50,1.500000000e+00,4,1.836080121e-07,9.675245451e-01,3.856894109e-12,4.529357974e-08,1.174353728e+04
pi+1.50,1.500000000e+00,4,6.033377379e-08,9.893285335e-01,3.760266070e-12,4.600646639e-08,1.223489656e+04
pi-1.50,-1.500000000e+00,1,5.405028472e-06,4.399183637e-02,7.764669985e-13,6.570934901e-10,8.462606799e+02
pi-1.50,-1.500000000e+00,1,4.856461257e-06,1.410190285e-01,2.992982898e-12,2.617886938e-09,8.746748738e+02
pi-1.50,-1.500000000e+00,1,4.190403457e-06,2.588272319e-01,6.666816884e-12,6.352955031e-09,9.529217827e+02
pi-1.50,-1.500000000e+00,1,3.435456841e-06,3.923575421e-01,1.061342986e-11,1.171029477e-08,1.103346884e+03
pi-1.50,-1.500000000e+00,1,2.706309020e-06,5.213247201e-01,1.218037644e-11,1.664032149e-08,1.366158228e+03
pi-1.50,-1.500000000e+00,1,2.067109311e-06,6.343824298e-01,1.280926805e-11,2.317952767e-08,1.809590335e+03
pi-1.50,-1.500000000e+00,1,1.505195997e-06,7.337701978e-01,1.283559020e-11,3.312587994e-08,2.580783542e+03
pi-1.50,-1.500000000e+00,1,1.009131859e-06,8.215109688e-01,1.251211114e-11,5.176693544e-08,4.137346197e+03
pi-1.50,-1.500000000e+00,1,5.703762002e-07,8.991153688e-01,1.190235066e-11,1.123331387e-07,9.437895248e+03
pi-1.50,-1.500000000e+00,1,1.822802817e-07,9.677593859e-01,1.116702287e-11,1.282124070e-07,1.148134185e+04
pi-1.50,-1.500000000e+00,2,5.480773158e-06,3.059458260e-02,3.757751367e-13,3.070089825e-10,8.170018515e+02
pi-1.50,-1.500000000e+00,2,5.110488965e-06,9.608817128e-02,1.344718008e-12,1.111286861e-09,8.264088491e+02
pi-1.50,-1.500000000e+00,2,4.687000838e-06,1.709921441e-01,2.736000931e-12,2.340247298e-09,8.553532536e+02
pi-1.50,-1.500000000e+00,2,4.199816790e-06,2.571622596e-01,4.726199213e-12,4.315987619e-09,9.132047603e+02
pi-1.50,-1.500000000e+00,2,3.652975226e-06,3.538842291e-01,7.070532022e-12,7.129717619e-09,1.008370742e+03
pi-1.50,-1.500000000e+00,2,3.104754221e-06,4.508501857e-01,8.192870685e-12,9.452983311e-09,1.153805995e+03
pi-1.50,-1.500000000e+00,2,2.604139053e-06,5.393959149e-01,8.806972834e-12,1.202831343e-08,1.365771606e+03
pi-1.50,-1.500000000e+00,2,2.148689305e-06,6.199530627e-01,9.126450160e-12,1.521183407e-08,1.666785421e+03
pi-1.50,-1.500000000e+00,2,1.733012206e-06,6.934754692e-01,9.218427634e-12,1.938261171e-08,2.102594117e+03
pi-1.50,-1.500000000e+00,2,1.353121210e-06,7.606682500e-01,9.134711966e-12,2.524378763e-08,2.763501217e+03
pi-1.50,-1.500000000e+00,2,1.005513472e-06,8.221509668e-01,8.935196074e-12,3.440700683e-08,3.850727677e+03
pi-1.50,-1.500000000e+00,2,6.871275488e-07,8.784651090e-01,8.642221702e-12,5.146415220e-08,5.954967828e+03
pi-1.50,-1.500000000e+00,2,3.954007026e-07,9.300639577e-01,8.289881335e-12,1.076167943e-07,1.298170504e+04
pi-1.50,-1.500000000e+00,2,1.279430212e-07,9.773702260e-01,7.899424617e-12,1.258598109e-07,1.593278206e+04
pi-1.50,-1.500000000e+00,3,5.541029314e-06,1.993684459e-02,1.596217317e-13,1.272172175e-10,7.969918392e+02
pi-1.50,-1.500000000e+00,3,5.305327515e-06,6.162632795e-02,5.381020088e-13,4.301168274e-10,7.993220995e+02
pi-1.50,-1.500000000e+00,3,5.047879303e-06,1.071621828e-01,1.022066114e-12,8.264111510e-10,8.085691713e+02
pi-1.50,-1.500000000e+00,3,4.766116510e-06,1.569986512e-01,1.637627912e-12,1.353349708e-09,8.264085498e+02
pi-1.50,-1.500000000e+00,3,4.457023800e-06,2.116690670e-01,2.419140884e-12,2.068992800e-09,8.552593251e+02
pi-1.50,-1.500000000e+00,3,4.117027259e-06,2.718055622e-01,3.409245562e-12,3.065623197e-09,8.992086787e+02
pi-1.50,-1.500000000e+00,3,3.746369593e-06,3.373652084e-01,4.547722105e-12,4.372768178e-09,9.615293278e+02
pi-1.50,-1.500000000e+00,3,3.370174369e-06,4.039043039e-01,5.167518963e-12,5.404127835e-09,1.045787712e+03
pi-1.50,-1.500000000e+00,3,3.014380361e-06,4.668349577e-01,5.556184708e-12,6.419403961e-09,1.155361871e+03
pi-1.50,-1.500000000e+00,3,2.680976185e-06,5.258054361e-01,5.827491573e-12,7.537377634e-09,1.293417166e+03
pi-1.50,-1.500000000e+00,3,2.368028481e-06,5.811576995e-01,6.006978029e-12,8.809432246e-09,1.466533123e+03
pi-1.50,-1.500000000e+00,3,2.073883141e-06,6.331843165e-01,6.107009629e-12,1.029015373e-08,1.684974210e+03
pi-1.50,-1.500000000e+00,3,1.797109400e-06,6.821383521e-01,6.146653469e-12,1.207189557e-08,1.963978550e+03
pi-1.50,-1.500000000e+00,3,1.536469496e-06,7.282387337e-01,6.131161900e-12,1.426741960e-08,2.327033576e+03
pi-1.50,-1.500000000e+00,3,1.290869462e-06,7.716789560e-01,6.076608520e-12,1.708781901e-08,2.812065144e+03
pi-1.50,-1.500000000e+00,3,1.059295342e-06,8.126383607e-01,5.986066409e-12,2.086022920e-08,3.484797490e+03
pi-1.50,-1.500000000e+00,3,8.408585988e-07,8.512741072e-01,5.870098397e-12,2.624259504e-08,4.470554540e+03
pi-1.50,-1.500000000e+00,3,6.347830557e-07,8.877234807e-01,5.728569277e-12,3.464276895e-08,6.047368422e+03
pi-1.50,-1.500000000e+00,3,4.403911361e-07,9.221063268e-01,5.570292658e-12,5.033977720e-08,9.037187144e+03
pi-1.50,-1.500000000e+00,3,2.570123095e-07,9.545412448e-01,5.397986645e-12,1.000086975e-07,1.852703684e+04
pi-1.50,-1.500000000e+00,3,8.399932974e-08,9.851427156e-01,5.218216187e-12,1.131164378e-07,2.167722336e+04
pi-1.50,-1.500000000e+00,4,5.573110280e-06,1.426256087e-02,8.170049853e-14,6.405850088e-11,7.840649939e+02
pi-1.50,-1.500000000e+00,4,5.406582538e-06,4.371696272e-02,2.666830819e-13,2.092079216e-10,7.844814154e+02
pi-1.50,-1.500000000e+00,4,5.229171290e-06,7.509637212e-02,4.879047237e-13,3.846513655e-10,7.883739321e+02
pi-1.50,-1.500000000e+00,4,5.040000391e-06,1.085557563e-01,7.519651640e-13,5.985956948e-10,7.960417895e+02
pi-1.50,-1.500000000e+00,4,4.838048418e-06,1.442757781e-01,1.066289604e-12,8.613759583e-10,8.078255240e+02
pi-1.50,-1.500000000e+00,4,4.622244862e-06,1.824457825e-01,1.439288195e-12,1.186909098e-09,8.246500611e+02
pi-1.50,-1.500000000e+00,4,4.391314506e-06,2.232913224e-01,1.882928083e-12,1.596474829e-09,8.478681917e+02
pi-1.50,-1.500000000e+00,4,4.143741824e-06,2.670804544e-01,2.410244984e-12,2.119583280e-09,8.794057428e+02
pi-1.50,-1.500000000e+00,4,3.877888295e-06,3.141029901e-01,3.036052347e-12,2.796184654e-09,9.209935583e+02
pi-1.50,-1.500000000e+00,4,3.601490152e-06,3.629905921e-01,3.519469774e-12,3.427266434e-09,9.738019230e+02
pi-1.50,-1.500000000e+00,4,3.330730894e-06,4.108808228e-01,3.776844075e-12,3.923624285e-09,1.038863190e+03
pi-1.50,-1.500000000e+00,4,3.072711454e-06,4.565177131e-01,3.982830431e-12,4.447646787e-09,1.116705033e+03
pi-1.50,-1.500000000e+00,4,2.826525743e-06,5.000615263e-01,4.143957248e-12,5.007438330e-09,1.208371137e+03
pi-1.50,-1.500000000e+00,4,2.591487578e-06,5.416336299e-01,4.263174271e-12,5.610992449e-09,1.316153667e+03
pi-1.50,-1.500000000e+00,4,2.366923976e-06,5.813530576e-01,4.351316350e-12,6.279144113e-09,1.443044727e+03
pi-1.50,-1.500000000e+00,4,2.152168643e-06,6.193376589e-01,4.409694167e-12,7.024451788e-09,1.592956682e+03
pi-1.50,-1.500000000e+00,4,1.946729475e-06,6.556744742e-01,4.441043621e-12,7.865685751e-09,1.771134540e+03
pi-1.50,-1.500000000e+00,4,1.750078765e-06,6.904568413e-01,4.453608654e-12,8.838503390e-09,1.984571182e+03
pi-1.50,-1.500000000e+00,4,1.561762033e-06,7.237651455e-01,4.444093784e-12,9.967751880e-09,2.242921137e+03
pi-1.50,-1.500000000e+00,4,1.381401096e-06,7.556662778e-01,4.419683734e-12,1.131358012e-08,2.559816675e+03
pi-1.50,-1.500000000e+00,4,1.208589546e-06,7.862321210e-01,4.380834193e-12,1.294593924e-08,2.955131071e+03
pi-1.50,-1.500000000e+00,4,1.042967548e-06,8.155263204e-01,4.330651897e-12,1.498022747e-08,3.459116047e+03
pi-1.50,-1.500000000e+00,4,8.842132273e-07,8.436058074e-01,4.269101883e-12,1.758977902e-08,4.120252807e+03
pi-1.50,-1.500000000e+00,4,7.320453497e-07,8.705203249e-01,4.198518671e-12,2.108538353e-08,5.022100693e+03
pi-1.50,-1.500000000e+00,4,5.861539064e-07,8.963247053e-01,4.122192220e-12,2.606535759e-08,6.323178590e+03
pi-1.50,-1.500000000e+00,4,4.462721207e-07,9.210661345e-01,4.038001934e-12,3.381201956e-08,8.373453039e+03
pi-1.50,-1.500000000e+00,4,3.121785679e-07,9.447837766e-01,3.948650895e-12,4.816942024e-08,1.219895644e+04
pi-1.50,-1.500000000e+00,4,1.836080121e-07,9.675245451e-01,3.856894109e-12,9.414620635e-08,2.440984992e+04
pi-1.50,-1.500000000e+00,4,6.033377379e-08,9.893285335e-01,3.760266070e-12,1.072221414e-07,2.851450919e+04
pi+1.90,1.900000000e+00,1,6.347119663e-06,3.772885990e-02,7.767948669e-13,1.614110764e-08,2.077911213e+04
pi+1.90,1.900000000e+00,1,5.797027916e-06,1.211269114e-01,3.006174700e-12,6.232333383e-08,2.073177378e+04
pi+1.90,1.900000000e+00,1,5.123796522e-06,2.231938606e-01,6.769973853e-12,1.372724345e-07,2.027665652e+04
pi+1.90,1.900000000e+00,1,4.347949051e-06,3.408181801e-01,1.102144438e-11,2.146402812e-07,1.947478695e+04
pi+1.90,1.900000000e+00,1,3.577686990e-06,4.575957093e-01,1.310588840e-11,2.404208845e-07,1.834449349e+04
pi+1.90,1.900000000e+00,1,2.873615846e-06,5.643381970e-01,1.447051937e-11,2.446126361e-07,1.690420571e+04
pi+1.90,1.900000000e+00,1,2.218444882e-06,6.636670490e-01,1.548337844e-11,2.356480370e-07,1.521941984e+04
pi+1.90,1.900000000e+00,1,1.593476091e-06,7.584170244e-01,1.650862040e-11,2.195641439e-07,1.329996927e+04
pi+1.90,1.900000000e+00,1,9.772971485e-07,8.518343924e-01,1.784609528e-11,1.975134867e-07,1.106760238e+04
pi+1.90,1.900000000e+00,1,3.342870986e-07,9.493195584e-01,2.046818845e-11,1.755682719e-07,8.577616546e+03
pi+1.90,1.900000000e+00,2,6.422957364e-06,2.623129328e-02,3.758517310e-13,8.050610306e-09,2.141964408e+04
pi+1.90,1.900000000e+00,2,6.052209004e-06,8.243953670e-02,1.347440791e-12,2.894139702e-08,2.147878943e+04
pi+1.90,1.900000000e+00,2,5.626801476e-06,1.469345217e-01,2.753842414e-12,5.865569022e-08,2.129958124e+04
pi+1.90,1.900000000e+00,2,5.134097523e-06,2.216321514e-01,4.798147386e-12,1.002643045e-07,2.089646200e+04
pi+1.90,1.900000000e+00,2,4.574493244e-06,3.064723744e-01,7.285280861e-12,1.479239014e-07,2.030448849e+04
pi+1.90,1.900000000e+00,2,4.003575772e-06,3.930277627e-01,8.626760512e-12,1.684285996e-07,1.952396840e+04
pi+1.90,1.900000000e+00,2,3.469262421e-06,4.740336904e-01,9.535190589e-12,1.769859811e-07,1.856134699e+04
pi+1.90,1.900000000e+00,2,2.967760667e-06,5.500651332e-01,1.022981776e-11,1.785828755e-07,1.745709255e+04
pi+1.90,1.900000000e+00,2,2.491993458e-06,6.221950249e-01,1.078584463e-11,1.750865174e-07,1.623299087e+04
pi+1.90,1.900000000e+00,2,2.035832449e-06,6.913524691e-01,1.127171458e-11,1.678748964e-07,1.489346586e+04
pi+1.90,1.900000000e+00,2,1.592673938e-06,7.585386368e-01,1.178635781e-11,1.583237123e-07,1.343279364e+04
pi+1.90,1.900000000e+00,2,1.154646722e-06,8.249468615e-01,1.241972020e-11,1.469091449e-07,1.182870004e+04
pi+1.90,1.900000000e+00,2,7.109976755e-07,8.922073980e-01,1.335803483e-11,1.339662259e-07,1.002888730e+04
pi+1.90,1.900000000e+00,2,2.430682358e-07,9.631490249e-01,1.500304227e-11,1.223335473e-07,8.153916058e+03
pi+1.90,1.900000000e+00,3,6.483247534e-06,1.709084940e-02,1.596355332e-13,3.483858775e-09,2.182383023e+04
pi+1.90,1.900000000e+00,3,6.247426611e-06,5.284307733e-02,5.385478168e-13,1.179541318e-08,2.190225791e+04
pi+1.90,1.900000000e+00,3,5.989527673e-06,9.194249843e-02,1.024642832e-12,2.240189637e-08,2.186312699e+04
pi+1.90,1.900000000e+00,3,5.706606983e-06,1.348354057e-01,1.646586618e-12,3.577833863e-08,2.172879230e+04
pi+1.90,1.900000000e+00,3,5.395054527e-06,1.820691043e-01,2.443605597e-12,5.255832860e-08,2.150851539e+04
pi+1.90,1.900000000e+00,3,5.050351090e-06,2.343287413e-01,3.467523453e-12,7.347314127e-08,2.118893852e+04
pi+1.90,1.900000000e+00,3,4.671365491e-06,2.917858121e-01,4.671742737e-12,9.704111895e-08,2.077193125e+04
pi+1.90,1.900000000e+00,3,4.282376902e-06,3.507594116e-01,5.378674628e-12,1.089727910e-07,2.026015673e+04
pi+1.90,1.900000000e+00,3,3.909152335e-06,4.073430668e-01,5.875520606e-12,1.155052146e-07,1.965872002e+04
pi+1.90,1.900000000e+00,3,3.553361657e-06,4.612836129e-01,6.277769915e-12,1.191896361e-07,1.898598352e+04
pi+1.90,1.900000000e+00,3,3.212656060e-06,5.129371473e-01,6.611746426e-12,1.206841883e-07,1.825299709e+04
pi+1.90,1.900000000e+00,3,2.884932331e-06,5.626225326e-01,6.890567484e-12,1.203414998e-07,1.746467183e+04
pi+1.90,1.900000000e+00,3,2.568237556e-06,6.106358454e-01,7.136085087e-12,1.186281645e-07,1.662370377e+04
pi+1.90,1.900000000e+00,3,2.260709786e-06,6.572593714e-01,7.356156133e-12,1.157197345e-07,1.573100576e+04
pi+1.90,1.900000000e+00,3,1.960467547e-06,7.027783560e-01,7.573567090e-12,1.119812058e-07,1.478579440e+04
pi+1.90,1.900000000e+00,3,1.665471062e-06,7.475020447e-01,7.798982092e-12,1.075116644e-07,1.378534573e+04
pi+1.90,1.900000000e+00,3,1.373455823e-06,7.917737539e-01,8.057461835e-12,1.025258204e-07,1.272433212e+04
pi+1.90,1.900000000e+00,3,1.081748001e-06,8.359988566e-01,8.368149773e-12,9.701510403e-08,1.159337568e+04
pi+1.90,1.900000000e+00,3,7.869111931e-07,8.806983370e-01,8.777165613e-12,9.107096516e-08,1.037589686e+04
pi+1.90,1.900000000e+00,3,4.839625790e-07,9.266276284e-01,9.352497161e-12,8.468086543e-08,9.054358849e+03
pi+1.90,1.900000000e+00,3,1.648604665e-07,9.750059117e-01,1.024007745e-11,7.918926894e-08,7.733268554e+03
pi+1.90,1.900000000e+00,4,6.515336739e-06,1.222588436e-02,8.170411241e-14,1.800226880e-09,2.203349167e+04
pi+1.90,1.900000000e+00,4,6.348767056e-06,3.747910265e-02,2.667940664e-13,5.896842659e-09,2.210260048e+04
pi+1.90,1.900000000e+00,4,6.171204140e-06,6.439897794e-02,4.885057093e-13,1.079539567e-08,2.209881168e+04
pi+1.90,1.900000000e+00,4,5.981664000e-06,9.313469061e-02,7.539104260e-13,1.661880902e-08,2.204347950e+04
pi+1.90,1.900000000e+00,4,5.778974474e-06,1.238639492e-01,1.071198219e-12,2.351404519e-08,2.195116157e+04
pi+1.90,1.900000000e+00,4,5.561855498e-06,1.567808210e-01,1.449993388e-12,3.163646872e-08,2.181835378e+04
pi+1.90,1.900000000e+00,4,5.328739254e-06,1.921229991e-01,1.904198556e-12,4.120437880e-08,2.163869868e+04
pi+1.90,1.900000000e+00,4,5.077698920e-06,2.301826043e-01,2.449914925e-12,5.243755935e-08,2.140382869e+04
pi+1.90,1.900000000e+00,4,4.806514247e-06,2.712962429e-01,3.106821309e-12,6.558772737e-08,2.111087856e+04
pi+1.90,1.900000000e+00,4,4.522446449e-06,3.143630604e-01,3.632283959e-12,7.541633376e-08,2.076278579e+04
pi+1.90,1.900000000e+00,4,4.241617813e-06,3.569387966e-01,3.937268201e-12,8.017294675e-08,2.036258204e+04
pi+1.90,1.900000000e+00,4,3.971121355e-06,3.979480966e-01,4.199582142e-12,8.364757628e-08,1.991807124e+04
pi+1.90,1.900000000e+00,4,3.709892699e-06,4.375523281e-01,4.425764930e-12,8.602551278e-08,1.943743379e+04
pi+1.90,1.900000000e+00,4,3.457095961e-06,4.758782175e-01,4.618585035e-12,8.740154320e-08,1.892387875e+04
pi+1.90,1.900000000e+00,4,3.211898179e-06,5.130520477e-01,4.789486993e-12,8.802819054e-08,1.837946124e+04
pi+1.90,1.900000000e+00,4,2.973455654e-06,5.492017301e-01,4.939909582e-12,8.795879146e-08,1.780574928e+04
pi+1.90,1.900000000e+00,4,2.741091134e-06,5.844299413e-01,5.072914993e-12,8.727240818e-08,1.720360154e+04
pi+1.90,1.900000000e+00,4,2.514054455e-06,6.188504117e-01,5.198238903e-12,8.615368905e-08,1.657363016e+04
pi+1.90,1.900000000e+00,4,2.291639394e-06,6.525702099e-01,5.312727736e-12,8.455719269e-08,1.591596575e+04
pi+1.90,1.900000000e+00,4,2.073175383e-06,6.856909991e-01,5.425832037e-12,8.263677873e-08,1.523025007e+04
pi+1.90,1.900000000e+00,4,1.857894074e-06,7.183292668e-01,5.539770017e-12,8.041379501e-08,1.451572805e+04
pi+1.90,1.900000000e+00,4,1.644994928e-06,7.506063806e-01,5.660808508e-12,7.795502559e-08,1.377100559e+04
pi+1.90,1.900000000e+00,4,1.433612445e-06,7.826535570e-01,5.792321613e-12,7.526548702e-08,1.299401036e+04
pi+1.90,1.900000000e+00,4,1.222782157e-06,8.146170164e-01,5.942312365e-12,7.238664818e-08,1.218156228e+04
pi+1.90,1.900000000e+00,4,1.011285157e-06,8.466815543e-01,6.122975356e-12,6.936796411e-08,1.132912679e+04
pi+1.90,1.900000000e+00,4,7.976538626e-07,8.790696674e-01,6.342633754e-12,6.615337124e-08,1.042995289e+04
pi+1.90,1.900000000e+00,4,5.800206289e-07,9.120645046e-01,6.623194672e-12,6.275061767e-08,9.474373134e+03
pi+1.90,1.900000000e+00,4,3.556932518e-07,9.460742244e-01,6.999865919e-12,5.927273203e-08,8.467695341e+03
pi+1.90,1.900000000e+00,4,1.207277564e-07,9.816967629e-01,7.523727507e-12,5.656108418e-08,7.517694405e+03
