# Einseitiges Normalfeld und Maxwell-Druck auf der Oberflaeche, je
# Netzstufe.  d ist der Abstand zur Kontaktlinie entlang der Oberflaeche.
# Die Werte bei kleinem d sind PUNKTWEISE und konvergieren nicht.
shape,Pi,level,d_m,r_m,z_m,tau,En_V_per_m,pM_Pa,tangential_fraction
pi+0.00,0.000000000e+00,1,5.000000000e-06,0.000000000e+00,0.000000000e+00,0.000000000e+00,3.400191582e+07,5.118297315e+03,7.825278789e-04
pi+0.00,0.000000000e+00,1,4.503024008e-06,4.969759916e-07,0.000000000e+00,9.939519833e-02,3.418191151e+07,5.172630132e+03,1.762431920e-03
pi+0.00,0.000000000e+00,1,3.907811211e-06,1.092188789e-06,0.000000000e+00,2.184377577e-01,3.461929061e+07,5.305851162e+03,3.260771785e-03
pi+0.00,0.000000000e+00,1,3.193325626e-06,1.806674374e-06,0.000000000e+00,3.613348748e-01,3.546429757e+07,5.568028621e+03,5.387336635e-03
pi+0.00,0.000000000e+00,1,2.458912026e-06,2.541087974e-06,0.000000000e+00,5.082175948e-01,3.676023281e+07,5.982397146e+03,8.215173084e-03
pi+0.00,0.000000000e+00,1,1.843820358e-06,3.156179642e-06,0.000000000e+00,6.312359284e-01,3.863956247e+07,6.609721096e+03,1.224132952e-02
pi+0.00,0.000000000e+00,1,1.330829189e-06,3.669170811e-06,0.000000000e+00,7.338341622e-01,4.113490899e+07,7.491000323e+03,1.807686445e-02
pi+0.00,0.000000000e+00,1,9.033371870e-07,4.096662813e-06,0.000000000e+00,8.193325626e-01,4.450998693e+07,8.770688114e+03,2.743972298e-02
pi+0.00,0.000000000e+00,1,5.460943943e-07,4.453905606e-06,0.000000000e+00,8.907811211e-01,4.940107224e+07,1.080417188e+04,4.473816019e-02
pi+0.00,0.000000000e+00,1,2.484879958e-07,4.751512004e-06,0.000000000e+00,9.503024008e-01,5.802666502e+07,1.490644068e+04,8.881541048e-02
pi+0.00,0.000000000e+00,1,0.000000000e+00,5.000000000e-06,0.000000000e+00,1.000000000e+00,6.113588296e+07,1.654668930e+04,3.479614944e-01
pi+0.00,0.000000000e+00,2,5.000000000e-06,0.000000000e+00,0.000000000e+00,0.000000000e+00,3.402417377e+07,5.125000473e+03,3.808588845e-04
pi+0.00,0.000000000e+00,2,4.654207170e-06,3.457928304e-07,0.000000000e+00,6.915856607e-02,3.410530550e+07,5.149471068e+03,8.230196671e-04
pi+0.00,0.000000000e+00,2,4.260953768e-06,7.390462315e-07,0.000000000e+00,1.478092463e-01,3.428393755e+07,5.203554708e+03,1.439186680e-03
pi+0.00,0.000000000e+00,2,3.813431541e-06,1.186568459e-06,0.000000000e+00,2.373136917e-01,3.463652928e+07,5.311136571e+03,2.275387388e-03
pi+0.00,0.000000000e+00,2,3.303914688e-06,1.696085312e-06,0.000000000e+00,3.392170624e-01,3.523339527e+07,5.495759589e+03,3.359223633e-03
pi+0.00,0.000000000e+00,2,2.757963426e-06,2.242036574e-06,0.000000000e+00,4.484073147e-01,3.607740685e+07,5.762213722e+03,4.681817718e-03
pi+0.00,0.000000000e+00,2,2.271211366e-06,2.728788634e-06,0.000000000e+00,5.457577267e-01,3.722143719e+07,6.133452559e+03,6.367965269e-03
pi+0.00,0.000000000e+00,2,1.843829958e-06,3.156170042e-06,0.000000000e+00,6.312340084e-01,3.864159845e+07,6.610417667e+03,8.481053845e-03
pi+0.00,0.000000000e+00,2,1.468130240e-06,3.531869760e-06,0.000000000e+00,7.063739521e-01,4.037555423e+07,7.216983758e+03,1.123878759e-02
pi+0.00,0.000000000e+00,2,1.137950309e-06,3.862049691e-06,0.000000000e+00,7.724099381e-01,4.250942442e+07,7.999985201e+03,1.503439218e-02
pi+0.00,0.000000000e+00,2,8.480388510e-07,4.151961149e-06,0.000000000e+00,8.303922298e-01,4.520450536e+07,9.046533111e+03,2.061874772e-02
pi+0.00,0.000000000e+00,2,5.932808509e-07,4.406719149e-06,0.000000000e+00,8.813438298e-01,4.877696929e+07,1.053290965e+04,2.962742042e-02
pi+0.00,0.000000000e+00,2,3.695201641e-07,4.630479836e-06,0.000000000e+00,9.260959672e-01,5.395431208e+07,1.288757048e+04,4.626405319e-02
pi+0.00,0.000000000e+00,2,1.728938192e-07,4.827106181e-06,0.000000000e+00,9.654212362e-01,6.329853414e+07,1.773805674e+04,9.016839396e-02
pi+0.00,0.000000000e+00,2,0.000000000e+00,5.000000000e-06,0.000000000e+00,1.000000000e+00,6.707817178e+07,1.991962549e+04,3.388660918e-01
pi+0.00,0.000000000e+00,3,5.000000000e-06,0.000000000e+00,0.000000000e+00,0.000000000e+00,3.403823416e+07,5.129237131e+03,1.748865852e-04
pi+0.00,0.000000000e+00,3,4.774607203e-06,2.253927972e-07,0.000000000e+00,4.507855944e-02,3.407081923e+07,5.139062349e+03,3.670852884e-04
pi+0.00,0.000000000e+00,3,4.528989137e-06,4.710108625e-07,0.000000000e+00,9.420217250e-02,3.413813364e+07,5.159389110e+03,6.218632149e-04
pi+0.00,0.000000000e+00,3,4.261188518e-06,7.388114821e-07,0.000000000e+00,1.477622964e-01,3.426085193e+07,5.196549279e+03,9.387782785e-04
pi+0.00,0.000000000e+00,3,3.969222647e-06,1.030777353e-06,0.000000000e+00,2.061554705e-01,3.445711952e+07,5.256257984e+03,1.311006887e-03
pi+0.00,0.000000000e+00,3,3.650865044e-06,1.349134956e-06,0.000000000e+00,2.698269912e-01,3.475194163e+07,5.346590007e+03,1.753340251e-03
pi+0.00,0.000000000e+00,3,3.303928437e-06,1.696071563e-06,0.000000000e+00,3.392143125e-01,3.517432504e+07,5.477347305e+03,2.286515980e-03
pi+0.00,0.000000000e+00,3,2.934715706e-06,2.065284294e-06,0.000000000e+00,4.130568589e-01,3.572032524e+07,5.648713440e+03,2.901492669e-03
pi+0.00,0.000000000e+00,3,2.588628135e-06,2.411371865e-06,0.000000000e+00,4.822743730e-01,3.640437716e+07,5.867133152e+03,3.622170130e-03
pi+0.00,0.000000000e+00,3,2.271172633e-06,2.728827367e-06,0.000000000e+00,5.457654735e-01,3.720717474e+07,6.128753047e+03,4.445352721e-03
pi+0.00,0.000000000e+00,3,1.980055798e-06,3.019944202e-06,0.000000000e+00,6.039888404e-01,3.812922771e+07,6.436277376e+03,5.397408215e-03
pi+0.00,0.000000000e+00,3,1.712968531e-06,3.287031469e-06,0.000000000e+00,6.574062938e-01,3.918186999e+07,6.796558397e+03,6.521944712e-03
pi+0.00,0.000000000e+00,3,1.468016797e-06,3.531983203e-06,0.000000000e+00,7.063966407e-01,4.038429789e+07,7.220109892e+03,7.881258555e-03
pi+0.00,0.000000000e+00,3,1.243260776e-06,3.756739224e-06,0.000000000e+00,7.513478447e-01,4.176430204e+07,7.721989203e+03,9.565317455e-03
pi+0.00,0.000000000e+00,3,1.037148902e-06,3.962851098e-06,0.000000000e+00,7.925702195e-01,4.336529637e+07,8.325366704e+03,1.171444012e-02
pi+0.00,0.000000000e+00,3,8.480357813e-07,4.151964219e-06,0.000000000e+00,8.303928437e-01,4.525237949e+07,9.065704840e+03,1.455480839e-02
pi+0.00,0.000000000e+00,3,6.745674781e-07,4.325432522e-06,0.000000000e+00,8.650865044e-01,4.753217271e+07,1.000216621e+04,1.848405034e-02
pi+0.00,0.000000000e+00,3,5.153886763e-07,4.484611324e-06,0.000000000e+00,8.969222647e-01,5.038580775e+07,1.123919444e+04,2.425710787e-02
pi+0.00,0.000000000e+00,3,3.694057410e-07,4.630594259e-06,0.000000000e+00,9.261188518e-01,5.416257276e+07,1.298725313e+04,3.351926003e-02
pi+0.00,0.000000000e+00,3,2.355054313e-07,4.764494569e-06,0.000000000e+00,9.528989137e-01,5.964642645e+07,1.575025511e+04,5.050226697e-02
pi+0.00,0.000000000e+00,3,1.126963986e-07,4.887303601e-06,0.000000000e+00,9.774607203e-01,6.951282933e+07,2.139186580e+04,9.395964295e-02
pi+0.00,0.000000000e+00,3,0.000000000e+00,5.000000000e-06,0.000000000e+00,1.000000000e+00,7.295294801e+07,2.356158091e+04,3.467408057e-01
pi+0.00,0.000000000e+00,4,5.000000000e-06,0.000000000e+00,0.000000000e+00,0.000000000e+00,3.404483408e+07,5.131226414e+03,8.762590931e-05
pi+0.00,0.000000000e+00,4,4.838741902e-06,1.612580976e-07,0.000000000e+00,3.225161952e-02,3.406102198e+07,5.136107244e+03,1.813004127e-04
pi+0.00,0.000000000e+00,4,4.667083041e-06,3.329169590e-07,0.000000000e+00,6.658339180e-02,3.409342708e+07,5.145884710e+03,3.028661886e-04
pi+0.00,0.000000000e+00,4,4.484419017e-06,5.155809832e-07,0.000000000e+00,1.031161966e-01,3.415044205e+07,5.163110186e+03,4.491184647e-04
pi+0.00,0.000000000e+00,4,4.289952056e-06,7.100479442e-07,0.000000000e+00,1.420095888e-01,3.423755023e+07,5.189483067e+03,6.124581013e-04
pi+0.00,0.000000000e+00,4,4.082917034e-06,9.170829662e-07,0.000000000e+00,1.834165932e-01,3.436141204e+07,5.227099158e+03,7.939723625e-04
pi+0.00,0.000000000e+00,4,3.862587215e-06,1.137412785e-06,0.000000000e+00,2.274825570e-01,3.453049147e+07,5.278666852e+03,9.972964916e-04
pi+0.00,0.000000000e+00,4,3.628012977e-06,1.371987023e-06,0.000000000e+00,2.743974047e-01,3.475566441e+07,5.347735569e+03,1.228048241e-03
pi+0.00,0.000000000e+00,4,3.378285665e-06,1.621714335e-06,0.000000000e+00,3.243428670e-01,3.505130033e+07,5.439099482e+03,1.494535229e-03
pi+0.00,0.000000000e+00,4,3.112600154e-06,1.887399846e-06,0.000000000e+00,3.774799692e-01,3.542006893e+07,5.554149154e+03,1.796199969e-03
pi+0.00,0.000000000e+00,4,2.848280562e-06,2.151719438e-06,0.000000000e+00,4.303438877e-01,3.586146914e+07,5.693441846e+03,2.133526153e-03
pi+0.00,0.000000000e+00,4,2.600030539e-06,2.399969461e-06,0.000000000e+00,4.799938922e-01,3.637161975e+07,5.856579168e+03,2.506882813e-03
pi+0.00,0.000000000e+00,4,2.366789849e-06,2.633210151e-06,0.000000000e+00,5.266420303e-01,3.694088486e+07,6.041340615e+03,2.914911652e-03
pi+0.00,0.000000000e+00,4,2.147630652e-06,2.852369348e-06,0.000000000e+00,5.704738696e-01,3.757115366e+07,6.249248513e+03,3.365886884e-03
pi+0.00,0.000000000e+00,4,1.941836901e-06,3.058163099e-06,0.000000000e+00,6.116326199e-01,3.826616691e+07,6.482591525e+03,3.870231883e-03
pi+0.00,0.000000000e+00,4,1.748465709e-06,3.251534291e-06,0.000000000e+00,6.503068581e-01,3.903082446e+07,6.744258135e+03,4.440613827e-03
pi+0.00,0.000000000e+00,4,1.566791599e-06,3.433208401e-06,0.000000000e+00,6.866416803e-01,3.987235547e+07,7.038214835e+03,5.093578407e-03
pi+0.00,0.000000000e+00,4,1.396171720e-06,3.603828280e-06,0.000000000e+00,7.207656560e-01,4.080074466e+07,7.369786613e+03,5.851072883e-03
pi+0.00,0.000000000e+00,4,1.235821384e-06,3.764178616e-06,0.000000000e+00,7.528357232e-01,4.182849271e+07,7.745744446e+03,6.741946116e-03
pi+0.00,0.000000000e+00,4,1.085229518e-06,3.914770482e-06,0.000000000e+00,7.829540963e-01,4.297367355e+07,8.175676428e+03,7.807195421e-03
pi+0.00,0.000000000e+00,4,9.437550159e-07,4.056244984e-06,0.000000000e+00,8.112489968e-01,4.425986496e+07,8.672392063e+03,9.104395469e-03
pi+0.00,0.000000000e+00,4,8.108566875e-07,4.189143312e-06,0.000000000e+00,8.378286625e-01,4.572092193e+07,9.254409066e+03,1.071973633e-02
pi+0.00,0.000000000e+00,4,6.859930591e-07,4.314006941e-06,0.000000000e+00,8.628013882e-01,4.740495811e+07,9.948698475e+03,1.278587789e-02
pi+0.00,0.000000000e+00,4,5.687059672e-07,4.431294033e-06,0.000000000e+00,8.862588066e-01,4.938464104e+07,1.079698597e+04,1.551987094e-02
pi+0.00,0.000000000e+00,4,4.585410850e-07,4.541458915e-06,0.000000000e+00,9.082917830e-01,5.177554502e+07,1.186774190e+04,1.930183301e-02
pi+0.00,0.000000000e+00,4,3.550235968e-07,4.644976403e-06,0.000000000e+00,9.289952806e-01,5.477464563e+07,1.328244075e+04,2.485721086e-02
pi+0.00,0.000000000e+00,4,2.577901390e-07,4.742209861e-06,0.000000000e+00,9.484419722e-01,5.876115660e+07,1.528619534e+04,3.377819765e-02
pi+0.00,0.000000000e+00,4,1.664581497e-07,4.833541850e-06,0.000000000e+00,9.667083701e-01,6.459049532e+07,1.846953512e+04,5.012779490e-02
pi+0.00,0.000000000e+00,4,8.062873718e-08,4.919371263e-06,0.000000000e+00,9.838742526e-01,7.528964290e+07,2.509511608e+04,9.330983868e-02
pi+0.00,0.000000000e+00,4,0.000000000e+00,5.000000000e-06,0.000000000e+00,1.000000000e+00,7.912721181e+07,2.771854693e+04,3.443500538e-01
pi+0.50,5.000000000e-01,1,5.053605103e-06,0.000000000e+00,6.350832689e-07,0.000000000e+00,4.127481199e+07,7.542041913e+03,1.398246194e-02
pi+0.50,5.000000000e-01,1,4.556577953e-06,4.969759916e-07,6.289076871e-07,9.835100681e-02,4.148323215e+07,7.618402400e+03,1.023395626e-02
pi+0.50,5.000000000e-01,1,3.960872732e-06,1.092188789e-06,6.052390933e-07,2.162282863e-01,4.177614157e+07,7.726367952e+03,8.892178650e-03
pi+0.50,5.000000000e-01,1,3.244464530e-06,1.806674374e-06,5.533143075e-07,3.579900953e-01,4.227519705e+07,7.912068076e+03,6.254518125e-03
pi+0.50,5.000000000e-01,1,2.505630262e-06,2.541087974e-06,4.729982781e-07,5.041895418e-01,4.303074820e+07,8.197407582e+03,2.613675005e-03
pi+0.50,5.000000000e-01,1,1.884176360e-06,3.156179642e-06,3.844764259e-07,6.271619325e-01,4.413190703e+07,8.622319736e+03,3.895373375e-03
pi+0.50,5.000000000e-01,1,1.363533933e-06,3.669170811e-06,2.956322328e-07,7.301858960e-01,4.562360645e+07,9.215055578e+03,6.830793766e-03
pi+0.50,5.000000000e-01,1,9.277404970e-07,4.096662813e-06,2.110214022e-07,8.164200649e-01,4.769701711e+07,1.007166272e+04,1.219994373e-02
pi+0.50,5.000000000e-01,1,5.620389253e-07,4.453905606e-06,1.328453163e-07,8.887845580e-01,5.078841327e+07,1.141952459e+04,2.255573056e-02
pi+0.50,5.000000000e-01,1,2.562205506e-07,4.751512004e-06,6.246429869e-08,9.492994515e-01,5.638897236e+07,1.407690223e+04,4.937872138e-02
pi+0.50,5.000000000e-01,1,0.000000000e+00,5.000000000e-06,0.000000000e+00,1.000000000e+00,5.961860895e+07,1.573556755e+04,2.283359695e-01
pi+0.50,5.000000000e-01,2,5.053605103e-06,0.000000000e+00,6.350832689e-07,0.000000000e+00,4.148514420e+07,7.619104712e+03,9.688751010e-03
pi+0.50,5.000000000e-01,2,4.707795042e-06,3.457928304e-07,6.320937285e-07,6.842838997e-02,4.160720233e+07,7.664004724e+03,6.351698545e-03
pi+0.50,5.000000000e-01,2,4.314390577e-06,7.390462315e-07,6.214238712e-07,1.462746913e-01,4.174024193e+07,7.713094602e+03,4.783434892e-03
pi+0.50,5.000000000e-01,2,3.866339447e-06,1.186568459e-06,5.998536231e-07,2.349343948e-01,4.195007730e+07,7.790839634e+03,4.728824240e-03
pi+0.50,5.000000000e-01,2,3.355480209e-06,1.696085312e-06,5.630358636e-07,3.360224749e-01,4.229620230e+07,7.919932557e+03,4.215685194e-03
pi+0.50,5.000000000e-01,2,2.806845895e-06,2.242036574e-06,5.090177562e-07,4.445854320e-01,4.278522788e+07,8.104130636e+03,1.836374198e-03
pi+0.50,5.000000000e-01,2,2.316278356e-06,2.728788634e-06,4.480515623e-07,5.416582204e-01,4.345089630e+07,8.358266475e+03,2.021785681e-03
pi+0.50,5.000000000e-01,2,1.884186082e-06,3.156170042e-06,3.844779601e-07,6.271600088e-01,4.428745568e+07,8.683207826e+03,2.908176508e-03
pi+0.50,5.000000000e-01,2,1.503115799e-06,3.531869760e-06,3.207607020e-07,7.025656400e-01,4.532799539e+07,9.096027407e+03,4.303553394e-03
pi+0.50,5.000000000e-01,2,1.167141776e-06,3.862049691e-06,2.586551198e-07,7.690476892e-01,4.663536433e+07,9.628297086e+03,6.421549406e-03
pi+0.50,5.000000000e-01,2,8.712274821e-07,4.151961149e-06,1.993675292e-07,8.276027777e-01,4.832248465e+07,1.033754107e+04,9.737179371e-03
pi+0.50,5.000000000e-01,2,6.104275216e-07,4.406719149e-06,1.435641514e-07,8.792094932e-01,5.060651944e+07,1.133787519e+04,1.525552535e-02
pi+0.50,5.000000000e-01,2,3.807261433e-07,4.630479836e-06,9.166715436e-08,9.246624666e-01,5.398172739e+07,1.290067070e+04,2.566152169e-02
pi+0.50,5.000000000e-01,2,1.783609845e-07,4.827106181e-06,4.381959874e-08,9.647061888e-01,6.016884927e+07,1.602736567e+04,5.293602467e-02
pi+0.50,5.000000000e-01,2,0.000000000e+00,5.000000000e-06,0.000000000e+00,1.000000000e+00,6.413678681e+07,1.821097218e+04,2.267995016e-01
pi+0.50,5.000000000e-01,3,5.053605103e-06,0.000000000e+00,6.350832689e-07,0.000000000e+00,4.163811866e+07,7.675398470e+03,6.326136490e-03
pi+0.50,5.000000000e-01,3,4.828207534e-06,2.253927972e-07,6.338131808e-07,4.460134179e-02,4.170540065e+07,7.700223479e+03,3.769977403e-03
pi+0.50,5.000000000e-01,3,4.582550690e-06,4.710108625e-07,6.295362189e-07,9.321155949e-02,4.176480031e+07,7.722173458e+03,2.509888513e-03
pi+0.50,5.000000000e-01,3,4.314625486e-06,7.388114821e-07,6.214325503e-07,1.462282077e-01,4.184064490e+07,7.750245752e+03,2.235310471e-03
pi+0.50,5.000000000e-01,3,4.022370869e-06,1.030777353e-06,6.085030575e-07,2.040591246e-01,4.195467527e+07,7.792547570e+03,2.222679510e-03
pi+0.50,5.000000000e-01,3,3.703444859e-06,1.349134956e-06,5.895272570e-07,2.671677379e-01,4.212332305e+07,7.855321848e+03,2.339316531e-03
pi+0.50,5.000000000e-01,3,3.355494008e-06,1.696071563e-06,5.630370338e-07,3.360197443e-01,4.236509990e+07,7.945755624e+03,2.320910306e-03
pi+0.50,5.000000000e-01,3,2.984632557e-06,2.065284294e-06,5.281624872e-07,4.094052669e-01,4.267921711e+07,8.064020495e+03,1.271385657e-03
pi+0.50,5.000000000e-01,3,2.636352421e-06,2.411371865e-06,4.891832418e-07,4.783224318e-01,4.307471424e+07,8.214167306e+03,1.227120190e-03
pi+0.50,5.000000000e-01,3,2.316239257e-06,2.728827367e-06,4.480462276e-07,5.416659574e-01,4.354254644e+07,8.393563525e+03,1.505746136e-03
pi+0.50,5.000000000e-01,3,2.022065667e-06,3.019944202e-06,4.057670461e-07,5.998765978e-01,4.408600494e+07,8.604392720e+03,1.917865969e-03
pi+0.50,5.000000000e-01,3,1.751592908e-06,3.287031469e-06,3.631197684e-07,6.533973524e-01,4.471455944e+07,8.851495368e+03,2.464079996e-03
pi+0.50,5.000000000e-01,3,1.503000545e-06,3.531983203e-06,3.207403485e-07,7.025884464e-01,4.544269232e+07,9.142118408e+03,3.187184769e-03
pi+0.50,5.000000000e-01,3,1.274416250e-06,3.756739224e-06,2.790877081e-07,7.478203729e-01,4.629071041e+07,9.486509061e+03,4.129503045e-03
pi+0.50,5.000000000e-01,3,1.064354316e-06,3.962851098e-06,2.385475337e-07,7.893871217e-01,4.728943302e+07,9.900267937e+03,5.391721786e-03
pi+0.50,5.000000000e-01,3,8.712243441e-07,4.151964219e-06,1.993668778e-07,8.276033987e-01,4.848453438e+07,1.040699133e+04,7.110053976e-03
pi+0.50,5.000000000e-01,3,6.937232373e-07,4.325432522e-06,1.617479483e-07,8.627270586e-01,4.994985950e+07,1.104554823e+04,9.549816974e-03
pi+0.50,5.000000000e-01,3,5.305365861e-07,4.484611324e-06,1.258057101e-07,8.950181949e-01,5.180986772e+07,1.188348168e+04,1.319290812e-02
pi+0.50,5.000000000e-01,3,3.806085243e-07,4.630594259e-06,9.163992241e-08,9.246857409e-01,5.430247686e+07,1.305443297e+04,1.910266063e-02
pi+0.50,5.000000000e-01,3,2.428542336e-07,4.764494569e-06,5.928444956e-08,9.519443588e-01,5.795850827e+07,1.487144374e+04,2.998396751e-02
pi+0.50,5.000000000e-01,3,1.163056793e-07,4.887303601e-06,2.874882006e-08,9.769856020e-01,6.456975939e+07,1.845767821e+04,5.737591641e-02
pi+0.50,5.000000000e-01,3,0.000000000e+00,5.000000000e-06,0.000000000e+00,1.000000000e+00,6.862705777e+07,2.085016490e+04,2.368164418e-01
pi+0.50,5.000000000e-01,4,5.053605103e-06,0.000000000e+00,6.350832689e-07,0.000000000e+00,4.173271100e+07,7.710311602e+03,4.514165152e-03
pi+0.50,5.000000000e-01,4,4.892345258e-06,1.612580976e-07,6.344331540e-07,3.190986268e-02,4.177719736e+07,7.726758486e+03,2.546377111e-03
pi+0.50,5.000000000e-01,4,4.720672768e-06,3.329169590e-07,6.323122344e-07,6.588016445e-02,4.181115541e+07,7.739324780e+03,1.564956628e-03
pi+0.50,5.000000000e-01,4,4.537966997e-06,5.155809832e-07,6.284365707e-07,1.020337156e-01,4.184811164e+07,7.753012165e+03,1.307082777e-03
pi+0.50,5.000000000e-01,4,4.343407914e-06,7.100479442e-07,6.224750927e-07,1.405327829e-01,4.189967968e+07,7.772131499e+03,1.223626788e-03
pi+0.50,5.000000000e-01,4,4.136200455e-06,9.170829662e-07,6.140461758e-07,1.815346923e-01,4.197089439e+07,7.798573727e+03,1.214999502e-03
pi+0.50,5.000000000e-01,4,3.915578307e-06,1.137412785e-06,6.027143792e-07,2.251910809e-01,4.206718432e+07,7.834397863e+03,1.256380201e-03
pi+0.50,5.000000000e-01,4,3.680539729e-06,1.371987023e-06,5.879690654e-07,2.717001717e-01,4.219518635e+07,7.882147410e+03,1.330547660e-03
pi+0.50,5.000000000e-01,4,3.430108389e-06,1.621714335e-06,5.692259045e-07,3.212551595e-01,4.236372591e+07,7.945240237e+03,1.433982306e-03
pi+0.50,5.000000000e-01,4,3.163392535e-06,1.887399846e-06,5.458271481e-07,3.740325033e-01,4.257505885e+07,8.024708181e+03,1.078168976e-03
pi+0.50,5.000000000e-01,4,2.897712961e-06,2.151719438e-06,5.189989663e-07,4.266047897e-01,4.282926937e+07,8.120823393e+03,7.633270041e-04
pi+0.50,5.000000000e-01,4,2.647838216e-06,2.399969461e-06,4.905647939e-07,4.760496394e-01,4.312463824e+07,8.233218935e+03,8.678183811e-04
pi+0.50,5.000000000e-01,4,2.412727430e-06,2.633210151e-06,4.609805828e-07,5.225730185e-01,4.345659900e+07,8.360460577e+03,1.014846452e-03
pi+0.50,5.000000000e-01,4,2.191476618e-06,2.852369348e-06,4.306380504e-07,5.663538062e-01,4.382730095e+07,8.503705008e+03,1.200179061e-03
pi+0.50,5.000000000e-01,4,1.983397743e-06,3.058163099e-06,3.998913494e-07,6.075281503e-01,4.423993499e+07,8.664583563e+03,1.437718864e-03
pi+0.50,5.000000000e-01,4,1.787574064e-06,3.251534291e-06,3.690013988e-07,6.462774539e-01,4.469847210e+07,8.845127360e+03,1.722028312e-03
pi+0.50,5.000000000e-01,4,1.603307884e-06,3.433208401e-06,3.382068810e-07,6.827397765e-01,4.520840866e+07,9.048095471e+03,2.065463139e-03
pi+0.50,5.000000000e-01,4,1.429984162e-06,3.603828280e-06,3.077145553e-07,7.170368217e-01,4.577709905e+07,9.277164747e+03,2.487235709e-03
pi+0.50,5.000000000e-01,4,1.266841764e-06,3.764178616e-06,2.776635309e-07,7.493192012e-01,4.641368160e+07,9.536977796e+03,2.995216581e-03
pi+0.50,5.000000000e-01,4,1.113395394e-06,3.914770482e-06,2.482057148e-07,7.796829449e-01,4.713105533e+07,9.834064735e+03,3.626436511e-03
pi+0.50,5.000000000e-01,4,9.690249855e-07,4.056244984e-06,2.194361209e-07,8.082507506e-01,4.794598310e+07,1.017708004e+04,4.413307323e-03
pi+0.50,5.000000000e-01,4,8.332095442e-07,4.189143312e-06,1.914397371e-07,8.351257118e-01,4.888226403e+07,1.057843347e+04,5.415747496e-03
pi+0.50,5.000000000e-01,4,7.054250220e-07,4.314006941e-06,1.642753699e-07,8.604115265e-01,4.997353363e+07,1.105602095e+04,6.720023736e-03
pi+0.50,5.000000000e-01,4,5.852298778e-07,4.431294033e-06,1.379967230e-07,8.841955662e-01,5.127024225e+07,1.163722612e+04,8.472411980e-03
pi+0.50,5.000000000e-01,4,4.721839417e-07,4.541458915e-06,1.126383240e-07,9.065649310e-01,5.285210998e+07,1.236640297e+04,1.092480665e-02
pi+0.50,5.000000000e-01,4,3.658233687e-07,4.644976403e-06,8.821140337e-08,9.276114059e-01,5.485410470e+07,1.332100516e+04,1.454996284e-02
pi+0.50,5.000000000e-01,4,2.657963127e-07,4.742209861e-06,6.473703928e-08,9.474046137e-01,5.753399488e+07,1.465439167e+04,2.038377407e-02
pi+0.50,5.000000000e-01,4,1.717289865e-07,4.833541850e-06,4.221786377e-08,9.660185189e-01,6.146959631e+07,1.672782422e+04,3.106265544e-02
pi+0.50,5.000000000e-01,4,8.322852845e-08,4.919371263e-06,2.063939662e-08,9.835308603e-01,6.867495544e+07,2.087927944e+04,5.853041875e-02
pi+0.50,5.000000000e-01,4,0.000000000e+00,5.000000000e-06,0.000000000e+00,1.000000000e+00,7.323134547e+07,2.374175183e+04,2.383027639e-01
pi-0.50,-5.000000000e-01,1,5.053605103e-06,0.000000000e+00,-6.350832689e-07,0.000000000e+00,2.715804358e+07,3.265244420e+03,1.266934010e-02
pi-0.50,-5.000000000e-01,1,4.556577953e-06,4.969759916e-07,-6.289076871e-07,9.835100681e-02,2.730714796e+07,3.301196844e+03,7.010911126e-03
pi-0.50,-5.000000000e-01,1,3.960872732e-06,1.092188789e-06,-6.052390933e-07,2.162282863e-01,2.781138672e+07,3.424238629e+03,2.911251592e-03
pi-0.50,-5.000000000e-01,1,3.244464530e-06,1.806674374e-06,-5.533143075e-07,3.579900953e-01,2.884460997e+07,3.683393149e+03,3.613220338e-03
pi-0.50,-5.000000000e-01,1,2.505630262e-06,2.541087974e-06,-4.729982781e-07,5.041895418e-01,3.045996710e+07,4.107500208e+03,1.246778558e-02
pi-0.50,-5.000000000e-01,1,1.884176360e-06,3.156179642e-06,-3.844764259e-07,6.271619325e-01,3.283764258e+07,4.773783039e+03,1.875114090e-02
pi-0.50,-5.000000000e-01,1,1.363533933e-06,3.669170811e-06,-2.956322328e-07,7.301858960e-01,3.603450045e+07,5.748516016e+03,2.694458101e-02
pi-0.50,-5.000000000e-01,1,9.277404970e-07,4.096662813e-06,-2.110214022e-07,8.164200649e-01,4.042142200e+07,7.233390470e+03,3.974803505e-02
pi-0.50,-5.000000000e-01,1,5.620389253e-07,4.453905606e-06,-1.328453163e-07,8.887845580e-01,4.691230003e+07,9.742988425e+03,6.382828137e-02
pi-0.50,-5.000000000e-01,1,2.562205506e-07,4.751512004e-06,-6.246429869e-08,9.492994515e-01,5.877757596e+07,1.529473924e+04,1.282596141e-01
pi-0.50,-5.000000000e-01,1,0.000000000e+00,5.000000000e-06,0.000000000e+00,1.000000000e+00,6.003089927e+07,1.595395757e+04,4.714992352e-01
pi-0.50,-5.000000000e-01,2,5.053605103e-06,0.000000000e+00,-6.350832689e-07,0.000000000e+00,2.704624152e+07,3.238415563e+03,9.083239871e-03
pi-0.50,-5.000000000e-01,2,4.707795042e-06,3.457928304e-07,-6.320937285e-07,6.842838997e-02,2.709619438e+07,3.250388947e+03,4.858438093e-03
pi-0.50,-5.000000000e-01,2,4.314390577e-06,7.390462315e-07,-6.214238712e-07,1.462746913e-01,2.729216912e+07,3.297576213e+03,2.137410864e-03
pi-0.50,-5.000000000e-01,2,3.866339447e-06,1.186568459e-06,-5.998536231e-07,2.349343948e-01,2.771598116e+07,3.400785570e+03,5.395726231e-04
pi-0.50,-5.000000000e-01,2,3.355480209e-06,1.696085312e-06,-5.630358636e-07,3.360224749e-01,2.844549431e+07,3.582165974e+03,1.961543236e-03
pi-0.50,-5.000000000e-01,2,2.806845895e-06,2.242036574e-06,-5.090177562e-07,4.445854320e-01,2.948772259e+07,3.849472298e+03,6.770633419e-03
pi-0.50,-5.000000000e-01,2,2.316278356e-06,2.728788634e-06,-4.480515623e-07,5.416582204e-01,3.091367118e+07,4.230774718e+03,9.715296582e-03
pi-0.50,-5.000000000e-01,2,1.884186082e-06,3.156170042e-06,-3.844779601e-07,6.271600088e-01,3.269700899e+07,4.732981289e+03,1.278012363e-02
pi-0.50,-5.000000000e-01,2,1.503115799e-06,3.531869760e-06,-3.207607020e-07,7.025656400e-01,3.488960204e+07,5.389032043e+03,1.657790825e-02
pi-0.50,-5.000000000e-01,2,1.167141776e-06,3.862049691e-06,-2.586551198e-07,7.690476892e-01,3.760857404e+07,6.261703056e+03,2.166879006e-02
pi-0.50,-5.000000000e-01,2,8.712274821e-07,4.151961149e-06,-1.993675292e-07,8.276027777e-01,4.107434093e+07,7.468956693e+03,2.907552394e-02
pi-0.50,-5.000000000e-01,2,6.104275216e-07,4.406719149e-06,-1.435641514e-07,8.792094932e-01,4.572571820e+07,9.256350799e+03,4.111458839e-02
pi-0.50,-5.000000000e-01,2,3.807261433e-07,4.630479836e-06,-9.166715436e-08,9.246624666e-01,5.259824936e+07,1.224789102e+04,6.385154192e-02
pi-0.50,-5.000000000e-01,2,1.783609845e-07,4.827106181e-06,-4.381959874e-08,9.647061888e-01,6.546156443e+07,1.897105549e+04,1.274954770e-01
pi-0.50,-5.000000000e-01,2,0.000000000e+00,5.000000000e-06,0.000000000e+00,1.000000000e+00,6.725201044e+07,2.002300601e+04,4.554897214e-01
pi-0.50,-5.000000000e-01,3,5.053605103e-06,0.000000000e+00,-6.350832689e-07,0.000000000e+00,2.695981396e+07,3.217751610e+03,6.068292176e-03
pi-0.50,-5.000000000e-01,3,4.828207534e-06,2.253927972e-07,-6.338131808e-07,4.460134179e-02,2.696898186e+07,3.219940425e+03,3.114421911e-03
pi-0.50,-5.000000000e-01,3,4.582550690e-06,4.710108625e-07,-6.295362189e-07,9.321155949e-02,2.703682614e+07,3.236161231e+03,1.369166987e-03
pi-0.50,-5.000000000e-01,3,4.314625486e-06,7.388114821e-07,-6.214325503e-07,1.462282077e-01,2.718162903e+07,3.270918297e+03,5.039539677e-04
pi-0.50,-5.000000000e-01,3,4.022370869e-06,1.030777353e-06,-6.085030575e-07,2.040591246e-01,2.741889699e+07,3.328271102e+03,1.967896185e-04
pi-0.50,-5.000000000e-01,3,3.703444859e-06,1.349134956e-06,-5.895272570e-07,2.671677379e-01,2.777835364e+07,3.416109154e+03,8.949175672e-04
pi-0.50,-5.000000000e-01,3,3.355494008e-06,1.696071563e-06,-5.630370338e-07,3.360197443e-01,2.829565903e+07,3.544527589e+03,1.893187633e-03
pi-0.50,-5.000000000e-01,3,2.984632557e-06,2.065284294e-06,-5.281624872e-07,4.094052669e-01,2.896740894e+07,3.714822223e+03,4.073477447e-03
pi-0.50,-5.000000000e-01,3,2.636352421e-06,2.411371865e-06,-4.891832418e-07,4.783224318e-01,2.981330463e+07,3.934947746e+03,5.449589046e-03
pi-0.50,-5.000000000e-01,3,2.316239257e-06,2.728827367e-06,-4.480462276e-07,5.416659574e-01,3.081035981e+07,4.202544051e+03,6.697474550e-03
pi-0.50,-5.000000000e-01,3,2.022065667e-06,3.019944202e-06,-4.057670461e-07,5.998765978e-01,3.195998782e+07,4.522014435e+03,8.055871364e-03
pi-0.50,-5.000000000e-01,3,1.751592908e-06,3.287031469e-06,-3.631197684e-07,6.533973524e-01,3.327752705e+07,4.902536372e+03,9.607711913e-03
pi-0.50,-5.000000000e-01,3,1.503000545e-06,3.531983203e-06,-3.207403485e-07,7.025884464e-01,3.478855322e+07,5.357861336e+03,1.143023550e-02
pi-0.50,-5.000000000e-01,3,1.274416250e-06,3.756739224e-06,-2.790877081e-07,7.478203729e-01,3.653002573e+07,5.907703500e+03,1.365536568e-02
pi-0.50,-5.000000000e-01,3,1.064354316e-06,3.962851098e-06,-2.385475337e-07,7.893871217e-01,3.855964846e+07,6.582409032e+03,1.645567720e-02
pi-0.50,-5.000000000e-01,3,8.712243441e-07,4.151964219e-06,-1.993668778e-07,8.276033987e-01,4.096451743e+07,7.429069486e+03,2.013878748e-02
pi-0.50,-5.000000000e-01,3,6.937232373e-07,4.325432522e-06,-1.617479483e-07,8.627270586e-01,4.388849189e+07,8.527467046e+03,2.522707958e-02
pi-0.50,-5.000000000e-01,3,5.305365861e-07,4.484611324e-06,-1.258057101e-07,8.950181949e-01,4.757948880e+07,1.002208952e+04,3.275410539e-02
pi-0.50,-5.000000000e-01,3,3.806085243e-07,4.630594259e-06,-9.163992241e-08,9.246857409e-01,5.252444088e+07,1.221354144e+04,4.501628374e-02
pi-0.50,-5.000000000e-01,3,2.428542336e-07,4.764494569e-06,-5.928444956e-08,9.519443588e-01,5.984643990e+07,1.585606346e+04,6.816775975e-02
pi-0.50,-5.000000000e-01,3,1.163056793e-07,4.887303601e-06,-2.874882006e-08,9.769856020e-01,7.349647913e+07,2.391397679e+04,1.308975091e-01
pi-0.50,-5.000000000e-01,3,0.000000000e+00,5.000000000e-06,0.000000000e+00,1.000000000e+00,7.426590576e+07,2.441730334e+04,4.615092258e-01
pi-0.50,-5.000000000e-01,4,5.053605103e-06,0.000000000e+00,-6.350832689e-07,0.000000000e+00,2.690064219e+07,3.203642379e+03,4.396157388e-03
pi-0.50,-5.000000000e-01,4,4.892345258e-06,1.612580976e-07,-6.344331540e-07,3.190986268e-02,2.689845620e+07,3.203121735e+03,2.228868852e-03
pi-0.50,-5.000000000e-01,4,4.720672768e-06,3.329169590e-07,-6.323122344e-07,6.588016445e-02,2.692771212e+07,3.210093230e+03,1.013696516e-03
pi-0.50,-5.000000000e-01,4,4.537966997e-06,5.155809832e-07,-6.284365707e-07,1.020337156e-01,2.699369256e+07,3.225843759e+03,4.830727039e-04
pi-0.50,-5.000000000e-01,4,4.343407914e-06,7.100479442e-07,-6.224750927e-07,1.405327829e-01,2.709798846e+07,3.250819387e+03,9.798923383e-05
pi-0.50,-5.000000000e-01,4,4.136200455e-06,9.170829662e-07,-6.140461758e-07,1.815346923e-01,2.724796777e+07,3.286903608e+03,2.447675178e-04
pi-0.50,-5.000000000e-01,4,3.915578307e-06,1.137412785e-06,-6.027143792e-07,2.251910809e-01,2.745373358e+07,3.336733824e+03,5.768662739e-04
pi-0.50,-5.000000000e-01,4,3.680539729e-06,1.371987023e-06,-5.879690654e-07,2.717001717e-01,2.772858630e+07,3.403879605e+03,9.258489008e-04
pi-0.50,-5.000000000e-01,4,3.430108389e-06,1.621714335e-06,-5.692259045e-07,3.212551595e-01,2.809022358e+07,3.493245643e+03,1.310431840e-03
pi-0.50,-5.000000000e-01,4,3.163392535e-06,1.887399846e-06,-5.458271481e-07,3.740325033e-01,2.854236313e+07,3.606605068e+03,2.218723485e-03
pi-0.50,-5.000000000e-01,4,2.897712961e-06,2.151719438e-06,-5.189989663e-07,4.266047897e-01,2.908515913e+07,3.745084514e+03,3.153399149e-03
pi-0.50,-5.000000000e-01,4,2.647838216e-06,2.399969461e-06,-4.905647939e-07,4.760496394e-01,2.971436959e+07,3.908874941e+03,3.737195669e-03
pi-0.50,-5.000000000e-01,4,2.412727430e-06,2.633210151e-06,-4.609805828e-07,5.225730185e-01,3.041831998e+07,4.096275730e+03,4.343778426e-03
pi-0.50,-5.000000000e-01,4,2.191476618e-06,2.852369348e-06,-4.306380504e-07,5.663538062e-01,3.119965258e+07,4.309414317e+03,4.992797244e-03
pi-0.50,-5.000000000e-01,4,1.983397743e-06,3.058163099e-06,-3.998913494e-07,6.075281503e-01,3.206339086e+07,4.551322736e+03,5.690136481e-03
pi-0.50,-5.000000000e-01,4,1.787574064e-06,3.251534291e-06,-3.690013988e-07,6.462774539e-01,3.301605496e+07,4.825797475e+03,6.465336761e-03
pi-0.50,-5.000000000e-01,4,1.603307884e-06,3.433208401e-06,-3.382068810e-07,6.827397765e-01,3.406714423e+07,5.137953774e+03,7.337592119e-03
pi-0.50,-5.000000000e-01,4,1.429984162e-06,3.603828280e-06,-3.077145553e-07,7.170368217e-01,3.522970661e+07,5.494608923e+03,8.329642968e-03
pi-0.50,-5.000000000e-01,4,1.266841764e-06,3.764178616e-06,-2.776635309e-07,7.493192012e-01,3.652010068e+07,5.904493739e+03,9.488906528e-03
pi-0.50,-5.000000000e-01,4,1.113395394e-06,3.914770482e-06,-2.482057148e-07,7.796829449e-01,3.796193373e+07,6.379922271e+03,1.085710767e-02
pi-0.50,-5.000000000e-01,4,9.690249855e-07,4.056244984e-06,-2.194361209e-07,8.082507506e-01,3.958613430e+07,6.937530759e+03,1.251287441e-02
pi-0.50,-5.000000000e-01,4,8.332095442e-07,4.189143312e-06,-1.914397371e-07,8.351257118e-01,4.143726727e+07,7.601528836e+03,1.456317882e-02
pi-0.50,-5.000000000e-01,4,7.054250220e-07,4.314006941e-06,-1.642753699e-07,8.604115265e-01,4.357909520e+07,8.407660224e+03,1.718005913e-02
pi-0.50,-5.000000000e-01,4,5.852298778e-07,4.431294033e-06,-1.379967230e-07,8.841955662e-01,4.610869773e+07,9.412054800e+03,2.064279976e-02
pi-0.50,-5.000000000e-01,4,4.721839417e-07,4.541458915e-06,-1.126383240e-07,9.065649310e-01,4.918216862e+07,1.070863419e+04,2.545182171e-02
pi-0.50,-5.000000000e-01,4,3.658233687e-07,4.644976403e-06,-8.821140337e-08,9.276114059e-01,5.306951566e+07,1.246834993e+04,3.258818378e-02
pi-0.50,-5.000000000e-01,4,2.657963127e-07,4.742209861e-06,-6.473703928e-08,9.474046137e-01,5.830053901e+07,1.504748344e+04,4.425941968e-02
pi-0.50,-5.000000000e-01,4,1.717289865e-07,4.833541850e-06,-4.221786377e-08,9.660185189e-01,6.610429451e+07,1.934541646e+04,6.630199677e-02
pi-0.50,-5.000000000e-01,4,8.322852845e-08,4.919371263e-06,-2.063939662e-08,9.835308603e-01,8.098307216e+07,2.903402392e+04,1.283999738e-01
pi-0.50,-5.000000000e-01,4,0.000000000e+00,5.000000000e-06,0.000000000e+00,1.000000000e+00,8.187819157e+07,2.967940690e+04,4.554958883e-01
pi+1.50,1.500000000e+00,1,5.653747193e-06,0.000000000e+00,2.257081148e-06,0.000000000e+00,5.847096726e+07,1.513558776e+04,3.978875214e-02
pi+1.50,1.500000000e+00,1,5.156309750e-06,4.969759916e-07,2.238531456e-06,8.798367275e-02,5.877765466e+07,1.529478020e+04,2.712788782e-02
pi+1.50,1.500000000e+00,1,4.556612763e-06,1.092188789e-06,2.167006919e-06,1.940543843e-01,5.859628193e+07,1.520053431e+04,2.057080583e-02
pi+1.50,1.500000000e+00,1,3.824194152e-06,1.806674374e-06,2.007607961e-06,3.236000796e-01,5.801849762e+07,1.490224474e+04,8.824668971e-03
pi+1.50,1.500000000e+00,1,3.046719530e-06,2.541087974e-06,1.753799619e-06,4.611150046e-01,5.714548927e+07,1.445714860e+04,8.346883872e-03
pi+1.50,1.500000000e+00,1,2.365898510e-06,3.156179642e-06,1.462635059e-06,5.815344356e-01,5.594957884e+07,1.385837719e+04,1.300914975e-02
pi+1.50,1.500000000e+00,1,1.768320113e-06,3.669170811e-06,1.156528926e-06,6.872304240e-01,5.454954983e+07,1.317349697e+04,1.607245693e-02
pi+1.50,1.500000000e+00,1,1.242071881e-06,4.096662813e-06,8.498629547e-07,7.803099717e-01,5.304718950e+07,1.245786135e+04,1.828270197e-02
pi+1.50,1.500000000e+00,1,7.761918371e-07,4.453905606e-06,5.509758711e-07,8.627119660e-01,5.157257647e+07,1.177487732e+04,1.990178750e-02
pi+1.50,1.500000000e+00,1,3.645605633e-07,4.751512004e-06,2.666927152e-07,9.355187717e-01,5.053848035e+07,1.130740876e+04,1.867962182e-02
pi+1.50,1.500000000e+00,1,1.016439537e-20,5.000000000e-06,0.000000000e+00,1.000000000e+00,4.916043952e+07,1.069917395e+04,3.919802859e-03
pi+1.50,1.500000000e+00,2,5.653747193e-06,0.000000000e+00,2.257081148e-06,0.000000000e+00,5.923170307e+07,1.553199257e+04,2.786926522e-02
pi+1.50,1.500000000e+00,2,5.307799122e-06,3.457928304e-07,2.248107157e-06,6.118916521e-02,5.950266256e+07,1.567442194e+04,1.732481065e-02
pi+1.50,1.500000000e+00,2,4.913178807e-06,7.390462315e-07,2.215990314e-06,1.309871774e-01,5.948287210e+07,1.566399711e+04,1.156696262e-02
pi+1.50,1.500000000e+00,2,4.460822870e-06,1.186568459e-06,2.150635494e-06,2.109971108e-01,5.922379999e+07,1.552784809e+04,9.954019829e-03
pi+1.50,1.500000000e+00,2,3.938810709e-06,1.696085312e-06,2.037719272e-06,3.033274084e-01,5.876881408e+07,1.529017965e+04,6.495151194e-03
pi+1.50,1.500000000e+00,2,3.367139744e-06,2.242036574e-06,1.868767486e-06,4.044410497e-01,5.814841812e+07,1.496906049e+04,3.526537253e-03
pi+1.50,1.500000000e+00,2,2.842368698e-06,2.728788634e-06,1.673025519e-06,4.972593218e-01,5.733861273e+07,1.455502973e+04,6.571695056e-03
pi+1.50,1.500000000e+00,2,2.365909409e-06,3.156170042e-06,1.462640219e-06,5.815325080e-01,5.639319908e+07,1.407901262e+04,8.333036836e-03
pi+1.50,1.500000000e+00,2,1.931469201e-06,3.531869760e-06,1.244646564e-06,6.583736175e-01,5.535665437e+07,1.356620586e+04,9.822064284e-03
pi+1.50,1.500000000e+00,2,1.534555210e-06,3.862049691e-06,1.024475268e-06,7.285773209e-01,5.425833974e+07,1.303322027e+04,1.112108643e-02
pi+1.50,1.500000000e+00,2,1.171687209e-06,4.151961149e-06,8.063192987e-07,7.927591791e-01,5.313210536e+07,1.249777739e+04,1.217822919e-02
pi+1.50,1.500000000e+00,2,8.393397348e-07,4.406719149e-06,5.929409218e-07,8.515427545e-01,5.203369708e+07,1.198638168e+04,1.297826263e-02
pi+1.50,1.500000000e+00,2,5.349153629e-07,4.630479836e-06,3.865692887e-07,9.053874635e-01,5.108718745e+07,1.155427558e+04,1.305938044e-02
pi+1.50,1.500000000e+00,2,2.558860424e-07,4.827106181e-06,1.886196057e-07,9.547404520e-01,5.078724492e+07,1.141899920e+04,1.017481140e-02
pi+1.50,1.500000000e+00,2,1.016439537e-20,5.000000000e-06,0.000000000e+00,1.000000000e+00,5.054025044e+07,1.130820085e+04,2.050244931e-02
pi+1.50,1.500000000e+00,3,5.653747193e-06,0.000000000e+00,2.257081148e-06,0.000000000e+00,5.977293751e+07,1.581713908e+04,1.833353574e-02
pi+1.50,1.500000000e+00,3,5.428311435e-06,2.253927972e-07,2.253269915e-06,3.987368917e-02,5.996997340e+07,1.592159039e+04,1.048573894e-02
pi+1.50,1.500000000e+00,3,5.182343594e-06,4.710108625e-07,2.240421490e-06,8.337896673e-02,6.000448789e+07,1.593992235e+04,6.281556604e-03
pi+1.50,1.500000000e+00,3,4.913415012e-06,7.388114821e-07,2.216016495e-06,1.309453989e-01,5.992424162e+07,1.589731674e+04,4.878224862e-03
pi+1.50,1.500000000e+00,3,4.618818008e-06,1.030777353e-06,2.176911464e-06,1.830519035e-01,5.976864384e+07,1.581486677e+04,4.153615205e-03
pi+1.50,1.500000000e+00,3,4.295229591e-06,1.349134956e-06,2.119141717e-06,2.402862306e-01,5.952676269e+07,1.568712161e+04,3.697424792e-03
pi+1.50,1.500000000e+00,3,3.938824927e-06,1.696071563e-06,2.037722889e-06,3.033248938e-01,5.918660733e+07,1.550835117e+04,2.661208944e-03
pi+1.50,1.500000000e+00,3,3.553914260e-06,2.065284294e-06,1.929108766e-06,3.714055230e-01,5.876189257e+07,1.528657826e+04,1.818241306e-03
pi+1.50,1.500000000e+00,3,3.186434477e-06,2.411371865e-06,1.805696468e-06,4.364030849e-01,5.824461715e+07,1.501863021e+04,3.485172057e-03
pi+1.50,1.500000000e+00,3,2.842326245e-06,2.728827367e-06,1.673008142e-06,4.972668306e-01,5.765739138e+07,1.471731933e+04,4.376719945e-03
pi+1.50,1.500000000e+00,3,2.519626124e-06,3.019944202e-06,1.533846273e-06,5.543440416e-01,5.701724355e+07,1.439233205e+04,5.128911011e-03
pi+1.50,1.500000000e+00,3,2.216430838e-06,3.287031469e-06,1.390403151e-06,6.079713573e-01,5.633379647e+07,1.404936757e+04,5.824480288e-03
pi+1.50,1.500000000e+00,3,1.931335444e-06,3.531983203e-06,1.244575701e-06,6.583972756e-01,5.561487089e+07,1.369306283e+04,6.448105545e-03
pi+1.50,1.500000000e+00,3,1.662883355e-06,3.756739224e-06,1.097805411e-06,7.058794285e-01,5.486898273e+07,1.332823223e+04,7.048387042e-03
pi+1.50,1.500000000e+00,3,1.410055637e-06,3.962851098e-06,9.514083841e-07,7.505980389e-01,5.410513431e+07,1.295972223e+04,7.583246985e-03
pi+1.50,1.500000000e+00,3,1.171683286e-06,4.151964219e-06,8.063168552e-07,7.927598730e-01,5.333569469e+07,1.259373778e+04,8.077335993e-03
pi+1.50,1.500000000e+00,3,9.469073989e-07,4.325432522e-06,6.633897370e-07,8.325168483e-01,5.257794740e+07,1.223843792e+04,8.475983824e-03
pi+1.50,1.500000000e+00,3,7.348097987e-07,4.484611324e-06,5.232337282e-07,8.700313662e-01,5.186150676e+07,1.190718209e+04,8.740406794e-03
pi+1.50,1.500000000e+00,3,5.347563127e-07,4.630594259e-06,3.864588155e-07,9.054155953e-01,5.124337184e+07,1.162503132e+04,8.682095020e-03
pi+1.50,1.500000000e+00,3,3.460259596e-07,4.764494569e-06,2.534645509e-07,9.387970583e-01,5.086488958e+07,1.145394112e+04,7.818472090e-03
pi+1.50,1.500000000e+00,3,1.679986595e-07,4.887303601e-06,1.245856244e-07,9.702854313e-01,5.126701200e+07,1.163575978e+04,3.760483096e-03
pi+1.50,1.500000000e+00,3,1.016439537e-20,5.000000000e-06,0.000000000e+00,1.000000000e+00,5.180312877e+07,1.188039050e+04,3.636229553e-02
pi+1.50,1.500000000e+00,4,5.653747193e-06,0.000000000e+00,2.257081148e-06,0.000000000e+00,6.009058514e+07,1.598569786e+04,1.316979806e-02
pi+1.50,1.500000000e+00,4,5.492473366e-06,1.612580976e-07,2.255130550e-06,2.852512173e-02,6.023993839e+07,1.606526051e+04,7.202362905e-03
pi+1.50,1.500000000e+00,4,5.320691710e-06,3.329169590e-07,2.248763432e-06,5.890880370e-02,6.028069257e+07,1.608700515e+04,4.060170037e-03
pi+1.50,1.500000000e+00,4,5.137650871e-06,5.155809832e-07,2.237114467e-06,9.128394055e-02,6.025041776e+07,1.607085044e+04,3.009813420e-03
pi+1.50,1.500000000e+00,4,4.942349911e-06,7.100479442e-07,2.219160695e-06,1.258275720e-01,6.018485031e+07,1.603589130e+04,2.442105370e-03
pi+1.50,1.500000000e+00,4,4.733746924e-06,9.170829662e-07,2.193701790e-06,1.627239843e-01,6.008344125e+07,1.598189716e+04,2.063759545e-03
pi+1.50,1.500000000e+00,4,4.510742801e-06,1.137412785e-06,2.159336509e-06,2.021675807e-01,5.994191499e+07,1.590669526e+04,1.795398615e-03
pi+1.50,1.500000000e+00,4,4.271886211e-06,1.371987023e-06,2.114377698e-06,2.444150641e-01,5.975339692e+07,1.580679909e+04,1.576010169e-03
pi+1.50,1.500000000e+00,4,4.015597436e-06,1.621714335e-06,2.056826706e-06,2.897458448e-01,5.950958182e+07,1.567806754e+04,1.380886909e-03
pi+1.50,1.500000000e+00,4,3.740179153e-06,1.887399846e-06,1.984330830e-06,3.384601354e-01,5.921311955e+07,1.552224800e+04,3.180196337e-04
pi+1.50,1.500000000e+00,4,3.462801152e-06,2.151719438e-06,1.900291493e-06,3.875210488e-01,5.886661444e+07,1.534111243e+04,2.009397868e-03
pi+1.50,1.500000000e+00,4,3.198660637e-06,2.399969461e-06,1.810108287e-06,4.342405969e-01,5.847454965e+07,1.513744247e+04,2.483482797e-03
pi+1.50,1.500000000e+00,4,2.946762271e-06,2.633210151e-06,1.715008243e-06,4.787948293e-01,5.804909887e+07,1.491796895e+04,2.901663374e-03
pi+1.50,1.500000000e+00,4,2.706289214e-06,2.852369348e-06,1.616062459e-06,5.213282233e-01,5.759509594e+07,1.468553411e+04,3.294550797e-03
pi+1.50,1.500000000e+00,4,2.476685942e-06,3.058163099e-06,1.514271578e-06,5.619390366e-01,5.711574805e+07,1.444210415e+04,3.636682396e-03
pi+1.50,1.500000000e+00,4,2.257162009e-06,3.251534291e-06,1.410377471e-06,6.007670786e-01,5.661433372e+07,1.418964517e+04,3.971749813e-03
pi+1.50,1.500000000e+00,4,2.047175277e-06,3.433208401e-06,1.305090721e-06,6.379082392e-01,5.609376440e+07,1.392989704e+04,4.294029544e-03
pi+1.50,1.500000000e+00,4,1.846283674e-06,3.603828280e-06,1.199056579e-06,6.734407092e-01,5.555686533e+07,1.366451437e+04,4.585451425e-03
pi+1.50,1.500000000e+00,4,1.653873856e-06,3.764178616e-06,1.092723432e-06,7.074729734e-01,5.500716096e+07,1.339544654e+04,4.883646918e-03
pi+1.50,1.500000000e+00,4,1.469650210e-06,3.914770482e-06,9.866183807e-07,7.400573177e-01,5.444805845e+07,1.312452306e+04,5.151851701e-03
pi+1.50,1.500000000e+00,4,1.293151981e-06,4.056244984e-06,8.810969587e-07,7.712752380e-01,5.388423056e+07,1.285411277e+04,5.407463729e-03
pi+1.50,1.500000000e+00,4,1.124027111e-06,4.189143312e-06,7.765038321e-07,8.011890039e-01,5.332130218e+07,1.258694192e+04,5.635573886e-03
pi+1.50,1.500000000e+00,4,9.619079859e-07,4.314006941e-06,6.731094909e-07,8.298636368e-01,5.276725792e+07,1.232672727e+04,5.833689805e-03
pi+1.50,1.500000000e+00,4,8.065184688e-07,4.431294033e-06,5.711852692e-07,8.573479780e-01,5.223367091e+07,1.207868989e+04,5.975149059e-03
pi+1.50,1.500000000e+00,4,6.575722307e-07,4.541458915e-06,4.709467648e-07,8.836926717e-01,5.173895998e+07,1.185097613e+04,6.020834581e-03
pi+1.50,1.500000000e+00,4,5.147355820e-07,4.644976403e-06,3.725310274e-07,9.089567389e-01,5.131555189e+07,1.165780381e+04,5.909601169e-03
pi+1.50,1.500000000e+00,4,3.778086593e-07,4.742209861e-06,2.761257487e-07,9.331755301e-01,5.102798305e+07,1.152751084e+04,5.451625658e-03
pi+1.50,1.500000000e+00,4,2.465484766e-07,4.833541850e-06,1.818540843e-07,9.563920232e-01,5.103667606e+07,1.153143878e+04,4.118700369e-03
pi+1.50,1.500000000e+00,4,1.206675476e-07,4.919371263e-06,8.977341622e-08,9.786570670e-01,5.196422263e+07,1.195439505e+04,6.272281537e-04
pi+1.50,1.500000000e+00,4,1.016439537e-20,5.000000000e-06,0.000000000e+00,1.000000000e+00,5.316632762e+07,1.251388215e+04,4.640955822e-02
pi-1.50,-1.500000000e+00,1,5.653747193e-06,0.000000000e+00,-2.257081148e-06,0.000000000e+00,1.378371192e+07,8.411067335e+02,4.075127611e-02
pi-1.50,-1.500000000e+00,1,5.156309750e-06,4.969759916e-07,-2.238531456e-06,8.798367275e-02,1.384691260e+07,8.488376532e+02,2.651759499e-02
pi-1.50,-1.500000000e+00,1,4.556612763e-06,1.092188789e-06,-2.167006919e-06,1.940543843e-01,1.421667266e+07,8.947766910e+02,1.914277038e-02
pi-1.50,-1.500000000e+00,1,3.824194152e-06,1.806674374e-06,-2.007607961e-06,3.236000796e-01,1.504617473e+07,1.002238164e+03,6.636599932e-03
pi-1.50,-1.500000000e+00,1,3.046719530e-06,2.541087974e-06,-1.753799619e-06,4.611150046e-01,1.642040843e+07,1.193676503e+03,1.163898773e-02
pi-1.50,-1.500000000e+00,1,2.365898510e-06,3.156179642e-06,-1.462635059e-06,5.815344356e-01,1.856997604e+07,1.526656815e+03,1.877918639e-02
pi-1.50,-1.500000000e+00,1,1.768320113e-06,3.669170811e-06,-1.156528926e-06,6.872304240e-01,2.166885021e+07,2.078693554e+03,2.644715648e-02
pi-1.50,-1.500000000e+00,1,1.242071881e-06,4.096662813e-06,-8.498629547e-07,7.803099717e-01,2.631117574e+07,3.064779577e+03,3.792932249e-02
pi-1.50,-1.500000000e+00,1,7.761918371e-07,4.453905606e-06,-5.509758711e-07,8.627119660e-01,3.420773485e+07,5.180448596e+03,6.375317098e-02
pi-1.50,-1.500000000e+00,1,3.645605633e-07,4.751512004e-06,-2.666927152e-07,9.355187717e-01,5.543484982e+07,1.360455951e+04,1.749918445e-01
pi-1.50,-1.500000000e+00,1,1.016439537e-20,5.000000000e-06,0.000000000e+00,1.000000000e+00,4.606418156e+07,9.393889620e+03,7.317339763e-01
pi-1.50,-1.500000000e+00,2,5.653747193e-06,0.000000000e+00,-2.257081148e-06,0.000000000e+00,1.358143420e+07,8.166011776e+02,2.869319386e-02
pi-1.50,-1.500000000e+00,2,5.307799122e-06,3.457928304e-07,-2.248107157e-06,6.118916521e-02,1.358643118e+07,8.172021884e+02,1.714990751e-02
pi-1.50,-1.500000000e+00,2,4.913178807e-06,7.390462315e-07,-2.215990314e-06,1.309871774e-01,1.372231592e+07,8.336304340e+02,1.084466957e-02
pi-1.50,-1.500000000e+00,2,4.460822870e-06,1.186568459e-06,-2.150635494e-06,2.109971108e-01,1.405026522e+07,8.739523995e+02,8.729929231e-03
pi-1.50,-1.500000000e+00,2,3.938810709e-06,1.696085312e-06,-2.037719272e-06,3.033274084e-01,1.463407324e+07,9.480891633e+02,4.778426761e-03
pi-1.50,-1.500000000e+00,2,3.367139744e-06,2.242036574e-06,-1.868767486e-06,4.044410497e-01,1.549794341e+07,1.063327084e+03,5.798992216e-03
pi-1.50,-1.500000000e+00,2,2.842368698e-06,2.728788634e-06,-1.673025519e-06,4.972593218e-01,1.672630611e+07,1.238565035e+03,9.736666267e-03
pi-1.50,-1.500000000e+00,2,2.365909409e-06,3.156170042e-06,-1.462640219e-06,5.815325080e-01,1.832698434e+07,1.486965019e+03,1.278899698e-02
pi-1.50,-1.500000000e+00,2,1.931469201e-06,3.531869760e-06,-1.244646564e-06,6.583736175e-01,2.038679684e+07,1.839995345e+03,1.618885757e-02
pi-1.50,-1.500000000e+00,2,1.534555210e-06,3.862049691e-06,-1.024475268e-06,7.285773209e-01,2.307626679e+07,2.357489878e+03,2.049654150e-02
pi-1.50,-1.500000000e+00,2,1.171687209e-06,4.151961149e-06,-8.063192987e-07,7.927591791e-01,2.671609643e+07,3.159837427e+03,2.665263764e-02
pi-1.50,-1.500000000e+00,2,8.393397348e-07,4.406719149e-06,-5.929409218e-07,8.515427545e-01,3.198128311e+07,4.528042580e+03,3.711676853e-02
pi-1.50,-1.500000000e+00,2,5.349153629e-07,4.630479836e-06,-3.865692887e-07,9.053874635e-01,4.076957915e+07,7.358532141e+03,6.081653432e-02
pi-1.50,-1.500000000e+00,2,2.558860424e-07,4.827106181e-06,-1.886196057e-07,9.547404520e-01,6.469172946e+07,1.852747592e+04,1.700576559e-01
pi-1.50,-1.500000000e+00,2,1.016439537e-20,5.000000000e-06,0.000000000e+00,1.000000000e+00,5.495148584e+07,1.336834404e+04,7.016422129e-01
pi-1.50,-1.500000000e+00,3,5.653747193e-06,0.000000000e+00,-2.257081148e-06,0.000000000e+00,1.342576491e+07,7.979888274e+02,1.892854149e-02
pi-1.50,-1.500000000e+00,3,5.428311435e-06,2.253927972e-07,-2.253269915e-06,3.987368917e-02,1.341317864e+07,7.964933452e+02,1.051338232e-02
pi-1.50,-1.500000000e+00,3,5.182343594e-06,4.710108625e-07,-2.240421490e-06,8.337896673e-02,1.345573687e+07,8.015556983e+02,5.991513560e-03
pi-1.50,-1.500000000e+00,3,4.913415012e-06,7.388114821e-07,-2.216016495e-06,1.309453989e-01,1.356493892e+07,8.146187831e+02,4.336941917e-03
pi-1.50,-1.500000000e+00,3,4.618818008e-06,1.030777353e-06,-2.176911464e-06,1.830519035e-01,1.374976734e+07,8.369691167e+02,3.376214074e-03
pi-1.50,-1.500000000e+00,3,4.295229591e-06,1.349134956e-06,-2.119141717e-06,2.402862306e-01,1.403446626e+07,8.719880550e+02,2.672172342e-03
pi-1.50,-1.500000000e+00,3,3.938824927e-06,1.696071563e-06,-2.037722889e-06,3.033248938e-01,1.445038450e+07,9.244374701e+02,1.370796519e-03
pi-1.50,-1.500000000e+00,3,3.553914260e-06,2.065284294e-06,-1.929108766e-06,3.714055230e-01,1.500131519e+07,9.962708110e+02,3.399503432e-03
pi-1.50,-1.500000000e+00,3,3.186434477e-06,2.411371865e-06,-1.805696468e-06,4.364030849e-01,1.571137824e+07,1.092816647e+03,5.441857536e-03
pi-1.50,-1.500000000e+00,3,2.842326245e-06,2.728827367e-06,-1.673008142e-06,4.972668306e-01,1.656904079e+07,1.215383870e+03,6.790164082e-03
pi-1.50,-1.500000000e+00,3,2.519626124e-06,3.019944202e-06,-1.533846273e-06,5.543440416e-01,1.758409887e+07,1.368859796e+03,8.099107470e-03
pi-1.50,-1.500000000e+00,3,2.216430838e-06,3.287031469e-06,-1.390403151e-06,6.079713573e-01,1.878061736e+07,1.561487324e+03,9.497043509e-03
pi-1.50,-1.500000000e+00,3,1.931335444e-06,3.531983203e-06,-1.244575701e-06,6.583972756e-01,2.019500895e+07,1.805538835e+03,1.103552771e-02
pi-1.50,-1.500000000e+00,3,1.662883355e-06,3.756739224e-06,-1.097805411e-06,7.058794285e-01,2.187892706e+07,2.119194290e+03,1.286184181e-02
pi-1.50,-1.500000000e+00,3,1.410055637e-06,3.962851098e-06,-9.514083841e-07,7.505980389e-01,2.391136543e+07,2.531205978e+03,1.509177323e-02
pi-1.50,-1.500000000e+00,3,1.171683286e-06,4.151964219e-06,-8.063168552e-07,7.927598730e-01,2.641320318e+07,3.088594391e+03,1.801619748e-02
pi-1.50,-1.500000000e+00,3,9.469073989e-07,4.325432522e-06,-6.633897370e-07,8.325168483e-01,2.958774853e+07,3.875632348e+03,2.208000815e-02
pi-1.50,-1.500000000e+00,3,7.348097987e-07,4.484611324e-06,-5.232337282e-07,8.700313662e-01,3.380222026e+07,5.058353644e+03,2.829556117e-02
pi-1.50,-1.500000000e+00,3,5.347563127e-07,4.630594259e-06,-3.864588155e-07,9.054155953e-01,3.983740006e+07,7.025879681e+03,3.918987655e-02
pi-1.50,-1.500000000e+00,3,3.460259596e-07,4.764494569e-06,-2.534645509e-07,9.387970583e-01,4.991350253e+07,1.102947465e+04,6.498162944e-02
pi-1.50,-1.500000000e+00,3,1.679986595e-07,4.887303601e-06,-1.245856244e-07,9.702854313e-01,7.657792385e+07,2.596126855e+04,1.734954537e-01
pi-1.50,-1.500000000e+00,3,1.016439537e-20,5.000000000e-06,0.000000000e+00,1.000000000e+00,6.273856861e+07,1.742560824e+04,7.040556133e-01
pi-1.50,-1.500000000e+00,4,5.653747193e-06,0.000000000e+00,-2.257081148e-06,0.000000000e+00,1.331847837e+07,7.852861785e+02,1.358549009e-02
pi-1.50,-1.500000000e+00,4,5.492473366e-06,1.612580976e-07,-2.255130550e-06,2.852512173e-02,1.330293580e+07,7.834544016e+02,7.278820756e-03
pi-1.50,-1.500000000e+00,4,5.320691710e-06,3.329169590e-07,-2.248763432e-06,5.890880370e-02,1.331855553e+07,7.852952777e+02,3.958625652e-03
pi-1.50,-1.500000000e+00,4,5.137650871e-06,5.155809832e-07,-2.237114467e-06,9.128394055e-02,1.336718455e+07,7.910403235e+02,2.788570880e-03
pi-1.50,-1.500000000e+00,4,4.942349911e-06,7.100479442e-07,-2.219160695e-06,1.258275720e-01,1.344721549e+07,8.005407854e+02,2.118486238e-03
pi-1.50,-1.500000000e+00,4,4.733746924e-06,9.170829662e-07,-2.193701790e-06,1.627239843e-01,1.356409536e+07,8.145174681e+02,1.637473654e-03
pi-1.50,-1.500000000e+00,4,4.510742801e-06,1.137412785e-06,-2.159336509e-06,2.021675807e-01,1.372604209e+07,8.340832253e+02,1.262738399e-03
pi-1.50,-1.500000000e+00,4,4.271886211e-06,1.371987023e-06,-2.114377698e-06,2.444150641e-01,1.394430332e+07,8.608200544e+02,9.308285715e-04
pi-1.50,-1.500000000e+00,4,4.015597436e-06,1.621714335e-06,-2.056826706e-06,2.897458448e-01,1.423421166e+07,8.969858112e+02,6.154487427e-04
pi-1.50,-1.500000000e+00,4,3.740179153e-06,1.887399846e-06,-1.984330830e-06,3.384601354e-01,1.460108295e+07,9.438193367e+02,1.214098379e-03
pi-1.50,-1.500000000e+00,4,3.462801152e-06,2.151719438e-06,-1.900291493e-06,3.875210488e-01,1.504817300e+07,1.002504394e+03,3.062378373e-03
pi-1.50,-1.500000000e+00,4,3.198660637e-06,2.399969461e-06,-1.810108287e-06,4.342405969e-01,1.557497371e+07,1.073923581e+03,3.724326977e-03
pi-1.50,-1.500000000e+00,4,2.946762271e-06,2.633210151e-06,-1.715008243e-06,4.787948293e-01,1.617445232e+07,1.158184911e+03,4.355538783e-03
pi-1.50,-1.500000000e+00,4,2.706289214e-06,2.852369348e-06,-1.616062459e-06,5.213282233e-01,1.685192137e+07,1.257238241e+03,4.992708651e-03
pi-1.50,-1.500000000e+00,4,2.476685942e-06,3.058163099e-06,-1.514271578e-06,5.619390366e-01,1.761527007e+07,1.373717232e+03,5.620810621e-03
pi-1.50,-1.500000000e+00,4,2.257162009e-06,3.251534291e-06,-1.410377471e-06,6.007670786e-01,1.847432456e+07,1.510970107e+03,6.296045410e-03
pi-1.50,-1.500000000e+00,4,2.047175277e-06,3.433208401e-06,-1.305090721e-06,6.379082392e-01,1.944239427e+07,1.673471136e+03,7.029305501e-03
pi-1.50,-1.500000000e+00,4,1.846283674e-06,3.603828280e-06,-1.199056579e-06,6.734407092e-01,2.053713085e+07,1.867231969e+03,7.824547448e-03
pi-1.50,-1.500000000e+00,4,1.653873856e-06,3.764178616e-06,-1.092723432e-06,7.074729734e-01,2.178076103e+07,2.100220216e+03,8.748800583e-03
pi-1.50,-1.500000000e+00,4,1.469650210e-06,3.914770482e-06,-9.866183807e-07,7.400573177e-01,2.320452439e+07,2.383768502e+03,9.807400015e-03
pi-1.50,-1.500000000e+00,4,1.293151981e-06,4.056244984e-06,-8.810969587e-07,7.712752380e-01,2.484983605e+07,2.733794024e+03,1.107806611e-02
pi-1.50,-1.500000000e+00,4,1.124027111e-06,4.189143312e-06,-7.765038321e-07,8.011890039e-01,2.677633338e+07,3.174102503e+03,1.263826812e-02
pi-1.50,-1.500000000e+00,4,9.619079859e-07,4.314006941e-06,-6.731094909e-07,8.298636368e-01,2.907066569e+07,3.741353013e+03,1.463265955e-02
pi-1.50,-1.500000000e+00,4,8.065184688e-07,4.431294033e-06,-5.711852692e-07,8.573479780e-01,3.186714496e+07,4.495779950e+03,1.728617980e-02
pi-1.50,-1.500000000e+00,4,6.575722307e-07,4.541458915e-06,-4.709467648e-07,8.836926717e-01,3.538811045e+07,5.544130984e+03,2.103048143e-02
pi-1.50,-1.500000000e+00,4,5.147355820e-07,4.644976403e-06,-3.725310274e-07,9.089567389e-01,4.003681696e+07,7.096395623e+03,2.679503268e-02
pi-1.50,-1.500000000e+00,4,3.778086593e-07,4.742209861e-06,-2.761257487e-07,9.331755301e-01,4.666786578e+07,9.641722203e+03,3.692191789e-02
pi-1.50,-1.500000000e+00,4,2.465484766e-07,4.833541850e-06,-1.818540843e-07,9.563920232e-01,5.770176632e+07,1.473998187e+04,6.062648877e-02
pi-1.50,-1.500000000e+00,4,1.206675476e-07,4.919371263e-06,-8.977341622e-08,9.786570670e-01,8.766533616e+07,3.402315151e+04,1.673682446e-01
pi-1.50,-1.500000000e+00,4,1.016439537e-20,5.000000000e-06,0.000000000e+00,1.000000000e+00,7.213412165e+07,2.303563721e+04,6.905477472e-01
pi+1.90,1.900000000e+00,1,6.595978408e-06,0.000000000e+00,3.619737369e-06,0.000000000e+00,6.822217988e+07,2.060487189e+04,4.980382938e-02
pi+1.90,1.900000000e+00,1,6.098260917e-06,4.969759916e-07,3.596221245e-06,7.545771979e-02,6.865349505e+07,2.086623225e+04,3.444624708e-02
pi+1.90,1.900000000e+00,1,5.495794914e-06,1.092188789e-06,3.505167113e-06,1.667961029e-01,6.825907204e+07,2.062716269e+04,2.683920899e-02
pi+1.90,1.900000000e+00,1,4.751798130e-06,1.806674374e-06,3.299934482e-06,2.795916183e-01,6.717869116e+07,1.997937097e+04,1.278373186e-02
pi+1.90,1.900000000e+00,1,3.944099972e-06,2.541087974e-06,2.965668639e-06,4.020447419e-01,6.555283938e+07,1.902399615e+04,9.156021390e-03
pi+1.90,1.900000000e+00,1,3.211274008e-06,3.156179642e-06,2.568391565e-06,5.131466767e-01,6.325238072e+07,1.771219916e+04,1.550583937e-02
pi+1.90,1.900000000e+00,1,2.535957683e-06,3.669170811e-06,2.129909116e-06,6.155297173e-01,6.037187327e+07,1.613570843e+04,2.008103010e-02
pi+1.90,1.900000000e+00,1,1.900932082e-06,4.096662813e-06,1.660847142e-06,7.118043808e-01,5.690585175e+07,1.433615179e+04,2.390131726e-02
pi+1.90,1.900000000e+00,1,1.286020100e-06,4.453905606e-06,1.160782726e-06,8.050296680e-01,5.269341567e+07,1.229225147e+04,2.790563510e-02
pi+1.90,1.900000000e+00,1,6.685741972e-07,4.751512004e-06,6.201970874e-07,8.986391168e-01,4.721485667e+07,9.869066732e+03,3.183006158e-02
pi+1.90,1.900000000e+00,1,2.456395547e-20,5.000000000e-06,0.000000000e+00,1.000000000e+00,4.062913225e+07,7.307920731e+03,8.234762857e-02
pi+1.90,1.900000000e+00,2,6.595978408e-06,0.000000000e+00,3.619737369e-06,0.000000000e+00,6.928269110e+07,2.125045488e+04,3.481945274e-02
pi+1.90,1.900000000e+00,2,6.249936320e-06,3.457928304e-07,3.608365679e-06,5.246258657e-02,6.969516792e+07,2.150423868e+04,2.193529068e-02
pi+1.90,1.900000000e+00,2,5.854481688e-06,7.390462315e-07,3.567591055e-06,1.124164868e-01,6.962154007e+07,2.145882737e+04,1.494932529e-02
pi+1.90,1.900000000e+00,2,5.399121263e-06,1.186568459e-06,3.484238425e-06,1.814525565e-01,6.914036246e+07,2.116323420e+04,1.327318039e-02
pi+1.90,1.900000000e+00,2,4.869073782e-06,1.696085312e-06,3.338960997e-06,2.618117463e-01,6.831235095e+07,2.065937589e+04,9.353430282e-03
pi+1.90,1.900000000e+00,2,4.279912705e-06,2.242036574e-06,3.118312670e-06,3.511330025e-01,6.718134850e+07,1.998095162e+04,3.342797380e-03
pi+1.90,1.900000000e+00,2,3.727238838e-06,2.728788634e-06,2.857084292e-06,4.349225229e-01,6.567656195e+07,1.909587462e+04,7.325764898e-03
pi+1.90,1.900000000e+00,2,3.211286004e-06,3.156170042e-06,2.568398759e-06,5.131448580e-01,6.385638674e+07,1.805208690e+04,9.764935718e-03
pi+1.90,1.900000000e+00,2,2.724235329e-06,3.531869760e-06,2.258723375e-06,5.869854083e-01,6.175582574e+07,1.688397111e+04,1.197147125e-02
pi+1.90,1.900000000e+00,2,2.259751587e-06,3.862049691e-06,1.932247693e-06,6.574046415e-01,5.936334045e+07,1.560110633e+04,1.407214025e-02
pi+1.90,1.900000000e+00,2,1.811913312e-06,4.151961149e-06,1.591088655e-06,7.253002967e-01,5.664034763e+07,1.420268826e+04,1.604729978e-02
pi+1.90,1.900000000e+00,2,1.373434564e-06,4.406719149e-06,1.234366361e-06,7.917769769e-01,5.351388298e+07,1.267802674e+04,1.807926495e-02
pi+1.90,1.900000000e+00,2,9.358588794e-07,4.630479836e-06,8.584762574e-07,8.581167461e-01,4.983153213e+07,1.099327810e+04,2.015003487e-02
pi+1.90,1.900000000e+00,2,4.861364716e-07,4.827106181e-06,4.541678379e-07,9.262980499e-01,4.528248464e+07,9.077771174e+03,2.233546833e-02
pi+1.90,1.900000000e+00,2,2.456395547e-20,5.000000000e-06,0.000000000e+00,1.000000000e+00,4.044221368e+07,7.240833702e+03,5.550414339e-02
pi+1.90,1.900000000e+00,3,6.595978408e-06,0.000000000e+00,3.619737369e-06,0.000000000e+00,7.000341276e+07,2.169487540e+04,2.287103552e-02
pi+1.90,1.900000000e+00,3,6.370516661e-06,2.253927972e-07,3.614908972e-06,3.418169880e-02,7.031479663e+07,2.188830765e+04,1.322129889e-02
pi+1.90,1.900000000e+00,3,6.124336561e-06,4.710108625e-07,3.598619134e-06,7.150445585e-02,7.035488518e+07,2.191327311e+04,8.045162242e-03
pi+1.90,1.900000000e+00,3,5.854718786e-06,7.388114821e-07,3.567624342e-06,1.123805410e-01,7.020478872e+07,2.181987245e+04,6.374743454e-03
pi+1.90,1.900000000e+00,3,5.558495181e-06,1.030777353e-06,3.517812764e-06,1.572902703e-01,6.992646592e+07,2.164720816e+04,5.576888706e-03
pi+1.90,1.900000000e+00,3,5.231613874e-06,1.349134956e-06,3.443883858e-06,2.068479382e-01,6.949625061e+07,2.138166316e+04,5.153304325e-03
pi+1.90,1.900000000e+00,3,4.869088307e-06,1.696071563e-06,3.338965677e-06,2.618095443e-01,6.889011785e+07,2.101031625e+04,4.021102717e-03
pi+1.90,1.900000000e+00,3,4.473642676e-06,2.065284294e-06,3.197595050e-06,3.217620800e-01,6.812904475e+07,2.054865183e+04,1.652376443e-03
pi+1.90,1.900000000e+00,3,4.091111129e-06,2.411371865e-06,3.034839488e-06,3.797567433e-01,6.719009891e+07,1.998615702e+04,3.795310424e-03
pi+1.90,1.900000000e+00,3,3.727193540e-06,2.728827367e-06,2.857060807e-06,4.349293903e-01,6.610271610e+07,1.934449263e+04,4.975172198e-03
pi+1.90,1.900000000e+00,3,3.379529774e-06,3.019944202e-06,2.667120976e-06,4.876378356e-01,6.488679538e+07,1.863937672e+04,6.010001343e-03
pi+1.90,1.900000000e+00,3,3.045782346e-06,3.287031469e-06,2.467084935e-06,5.382364590e-01,6.354662565e+07,1.787737388e+04,7.008184036e-03
pi+1.90,1.900000000e+00,3,2.724082317e-06,3.531983203e-06,2.258620693e-06,5.870086061e-01,6.208007660e+07,1.706173619e+04,7.947999235e-03
pi+1.90,1.900000000e+00,3,2.412392796e-06,3.756739224e-06,2.042734847e-06,6.342630847e-01,6.048191569e+07,1.619458455e+04,8.904150833e-03
pi+1.90,1.900000000e+00,3,2.109026776e-06,3.962851098e-06,1.820196399e-06,6.802556580e-01,5.874079970e+07,1.527560584e+04,9.827065163e-03
pi+1.90,1.900000000e+00,3,1.811908317e-06,4.151964219e-06,1.591084715e-06,7.253010539e-01,5.684107888e+07,1.430353422e+04,1.077952152e-02
pi+1.90,1.900000000e+00,3,1.519033806e-06,4.325432522e-06,1.355156557e-06,7.697030354e-01,5.475760644e+07,1.327417828e+04,1.172891399e-02
pi+1.90,1.900000000e+00,3,1.227877840e-06,4.484611324e-06,1.111410195e-06,8.138444724e-01,5.245457113e+07,1.218106934e+04,1.272999218e-02
pi+1.90,1.900000000e+00,3,9.356181611e-07,4.630594259e-06,8.582644730e-07,8.581532408e-01,4.987377300e+07,1.101192343e+04,1.375276172e-02
pi+1.90,1.900000000e+00,3,6.382042251e-07,4.764494569e-06,5.927419300e-07,9.032434333e-01,4.691927274e+07,9.745884897e+03,1.485165958e-02
pi+1.90,1.900000000e+00,3,3.297209330e-07,4.887303601e-06,3.098061718e-07,9.500118235e-01,4.347793989e+07,8.368673991e+03,1.585813787e-02
pi+1.90,1.900000000e+00,3,2.456395547e-20,5.000000000e-06,0.000000000e+00,1.000000000e+00,4.005452139e+07,7.102673115e+03,3.467048499e-02
pi+1.90,1.900000000e+00,4,6.595978408e-06,0.000000000e+00,3.619737369e-06,0.000000000e+00,7.039002041e+07,2.193516555e+04,1.644623912e-02
pi+1.90,1.900000000e+00,4,6.434695069e-06,1.612580976e-07,3.617266392e-06,2.445176871e-02,7.062627058e+07,2.208265473e+04,9.060846687e-03
pi+1.90,1.900000000e+00,4,6.262839043e-06,3.329169590e-07,3.609197614e-06,5.050643658e-02,7.068341948e+07,2.211840658e+04,5.159325351e-03
pi+1.90,1.900000000e+00,4,6.079569237e-06,5.155809832e-07,3.594423236e-06,7.829151929e-02,7.062496887e+07,2.208184073e+04,3.868386020e-03
pi+1.90,1.900000000e+00,4,5.883758762e-06,7.100479442e-07,3.571621463e-06,1.079778619e-01,7.050834389e+07,2.200897222e+04,3.184673120e-03
pi+1.90,1.900000000e+00,4,5.674190185e-06,9.170829662e-07,3.539222608e-06,1.397500364e-01,7.033045167e+07,2.189805525e+04,2.744731508e-03
pi+1.90,1.900000000e+00,4,5.449520811e-06,1.137412785e-06,3.495365632e-06,1.738116055e-01,7.008287179e+07,2.174415391e+04,2.451019452e-03
pi+1.90,1.900000000e+00,4,5.207957698e-06,1.371987023e-06,3.437768570e-06,2.104343927e-01,6.975247440e+07,2.153961671e+04,2.229239061e-03
pi+1.90,1.900000000e+00,4,4.947440143e-06,1.621714335e-06,3.363661822e-06,2.499308159e-01,6.932332344e+07,2.127538777e+04,2.051968154e-03
pi+1.90,1.900000000e+00,4,4.665588352e-06,1.887399846e-06,3.269679600e-06,2.926616700e-01,6.879849829e+07,2.095446860e+04,7.964420474e-05
pi+1.90,1.900000000e+00,4,4.379304546e-06,2.151719438e-06,3.159800735e-06,3.360644509e-01,6.817981118e+07,2.057928693e+04,2.254523739e-03
pi+1.90,1.900000000e+00,4,4.103931079e-06,2.399969461e-06,3.040699200e-06,3.778131423e-01,6.747099601e+07,2.015361588e+04,2.869489895e-03
pi+1.90,1.900000000e+00,4,3.838311632e-06,2.633210151e-06,2.913665750e-06,4.180830509e-01,6.668990560e+07,1.968969277e+04,3.424308139e-03
pi+1.90,1.900000000e+00,4,3.581473767e-06,2.852369348e-06,2.779793252e-06,4.570216053e-01,6.584132281e+07,1.919180532e+04,3.959320661e-03
pi+1.90,1.900000000e+00,4,3.332718154e-06,3.058163099e-06,2.640090824e-06,4.947348296e-01,6.492633505e+07,1.866209997e+04,4.438486118e-03
pi+1.90,1.900000000e+00,4,3.091078204e-06,3.251534291e-06,2.495221254e-06,5.313692659e-01,6.394555714e+07,1.810253874e+04,4.921072941e-03
pi+1.90,1.900000000e+00,4,2.855833105e-06,3.433208401e-06,2.345803847e-06,5.670341944e-01,6.289800734e+07,1.751428885e+04,5.400383302e-03
pi+1.90,1.900000000e+00,4,2.626349164e-06,3.603828280e-06,2.192365281e-06,6.018256881e-01,6.178128658e+07,1.689789591e+04,5.851276835e-03
pi+1.90,1.900000000e+00,4,2.401759746e-06,3.764178616e-06,2.035137666e-06,6.358751352e-01,6.059282917e+07,1.625403520e+04,6.330987053e-03
pi+1.90,1.900000000e+00,4,2.181519042e-06,3.914770482e-06,1.874448588e-06,6.692652845e-01,5.932752618e+07,1.558228752e+04,6.789654606e-03
pi+1.90,1.900000000e+00,4,1.964831725e-06,4.056244984e-06,1.710339700e-06,7.021167137e-01,5.797976382e+07,1.488235357e+04,7.259739400e-03
pi+1.90,1.900000000e+00,4,1.750956424e-06,4.189143312e-06,1.542785577e-06,7.345418199e-01,5.654122427e+07,1.415302097e+04,7.729514940e-03
pi+1.90,1.900000000e+00,4,1.539033432e-06,4.314006941e-06,1.371571205e-06,7.666709414e-01,5.500154563e+07,1.339271177e+04,8.214370500e-03
pi+1.90,1.900000000e+00,4,1.328191458e-06,4.431294033e-06,1.196379506e-06,7.986361726e-01,5.334653559e+07,1.259885785e+04,8.704835350e-03
pi+1.90,1.900000000e+00,4,1.117372856e-06,4.541458915e-06,1.016651268e-06,8.305978602e-01,5.155678697e+07,1.176766842e+04,9.198661560e-03
pi+1.90,1.900000000e+00,4,9.051974581e-07,4.644976403e-06,8.314583072e-07,8.627652484e-01,4.960571037e+07,1.089386730e+04,9.726216863e-03
pi+1.90,1.900000000e+00,4,6.901102671e-07,4.742209861e-06,6.396205730e-07,8.953740864e-01,4.745385095e+07,9.969230969e+03,1.027089548e-02
pi+1.90,1.900000000e+00,4,4.699309907e-07,4.833541850e-06,4.392950587e-07,9.287549228e-01,4.504461903e+07,8.982651911e+03,1.083453487e-02
pi+1.90,1.900000000e+00,4,2.414555129e-07,4.919371263e-06,2.275731682e-07,9.633935259e-01,4.239173854e+07,7.955751146e+03,1.117581865e-02
pi+1.90,1.900000000e+00,4,2.456395547e-20,5.000000000e-06,0.000000000e+00,1.000000000e+00,3.999620163e+07,7.082005054e+03,2.060801218e-02
