# Jede Quelle je Stoffgroesse, mit Provenienz.  Ein LEERES Feld heisst,
# dass die Quelle die Angabe NICHT gemacht hat -- es heisst nie null.
# selected=yes markiert die eine Quelle, die eine Rechnung benutzt; die
# Auswahlregel steht in include/es/material_data.hpp und wird von
# tools/fetch_material_data.py mechanisch angewandt.
# n_non_ambient zaehlt Punkte abseits des Umgebungsdrucks: sie bleiben im
# Datensatz, tragen aber keinen Umgebungsdruckwert.
property,unit,database_id,selected,status,value_at_T,value_near_T,T_near_K,uncertainty_at_T,T_min_K,T_max_K,n_points,n_non_ambient,frequency_resolved,states_method,states_purity,states_water,method,purity,water_content,sample_source,constraints,reference,paper_title
surface_tension,N/m,zvbtf,no,measured,5.060000000e-02,5.060000000e-02,2.981500000e+02,5.000000000e-04,2.931500000e+02,3.431500000e+02,11,0,no,yes,yes,yes,"Pendant drop shape","99 mass %","0.0109 water mass %(dried by vacuum heating)","commercial source","Pressure of 1 atm","Aljasmi, Abdullah; Mohammad, Abubaker A.; AlJimaz, Adel S.; Alkhaldi, Khaled H.A. E.; AlTuwaim, Mohammad S. (2025) J. Chem. Eng. Data 70(8), 3148-3164.","Influence of Temperature, Anions, and Alkyl Chain Length on the Density, Viscosity, Speed of Sound, Surface Tension, and Refractive Index of Imidazolium Tetrafluoroborate-Based Ionic Liquids"
surface_tension,N/m,Rzffs,no,measured,nan,nan,nan,nan,2.930000000e+02,2.930000000e+02,1,0,no,yes,yes,yes,"Ring tensiometer","99 % (basis not specified)","2 water mass %;0.002 halide impurity mass %","commercial source","Pressure of 1 atm","Fletcher, S. I.; Sillars, F. B.; Hudson, N. E.; Hall, P. J. (2010) J. Chem. Eng. Data 55(2), 778-782.","Physical Properties of Selected Ionic Liquids for Use as Electrolytes and Other Industrial Applications"
surface_tension,N/m,AEipV,no,measured,5.460000000e-02,5.460000000e-02,2.981500000e+02,2.300000000e-03,2.981500000e+02,2.981500000e+02,1,0,no,yes,yes,yes,"Pendant drop shape","98 % (basis not specified)","1 water mass %;0.1 halide impurity mass %","synthesized by others","","Kolbeck, C.; Lehmann, J.; Lovelock, K. R. J.; Cremer, T.; Paape, N.; Wasserscheid, P.; Froba, A. P.; Maier, F.; Steinruck, H.-P. (2010) J. Phys. Chem. B 114(51), 17025-17036.","Density and Surface Tension of Ionic Liquids"
surface_tension,N/m,TeYkx,no,measured,nan,nan,nan,nan,3.030000000e+02,3.530000000e+02,6,0,no,yes,no,no,"Ring tensiometer","","","commercial source","Pressure of 1 atm","Li, X.; Liu, X.; Yu, Y.; Long, C.; Zhang, F.; Zhang, Z. (2020) J. Mol. Liq. 311, 113327.","Preparation and characterization of nanometre silicon-based ionic liquid micro-particle materials"
surface_tension,N/m,ypemE,no,measured,nan,4.430000000e-02,2.966000000e+02,4.500000000e-03,2.966000000e+02,2.966000000e+02,1,0,no,yes,no,no,"Capillary rise","","","commercial source","Pressure of 1 atm","Martino, W.; de la Mora, J. F.; Yoshida, Y.; Saito, G.; Wilkes, J. (2006) Green Chem. 8, 390-397.","Surface tension measurements of highly conducting ionic liquids"
surface_tension,N/m,wdWle,no,measured,5.160000000e-02,5.160000000e-02,2.981500000e+02,1.000000000e-03,2.981500000e+02,2.981500000e+02,1,0,no,yes,no,no,"Ring tensiometer","","","commercial source","","Masilo, K.; Bahadur, I. (2021) J. Chem. Eng. Data 66(3), 1211-1230.","Intermolecular Interactions between 1-Ethyl-3-methylimidazolium-Based Ionic Liquids with Carboxylic Acid at Different Temperatures via Thermodynamic and Spectroscopic Studies"
surface_tension,N/m,ONcoi,no,measured,5.281000000e-02,5.281000000e-02,2.981500000e+02,5.700000000e-04,2.981500000e+02,2.981500000e+02,1,0,no,yes,yes,yes,"Drop volume","98 mass %","0.022 water mass %","commercial source","Pressure of 1 atm","Rilo, E.; Pico, J.; Garcia-Garabal, S.; Varela, L. M.; Cabeza, O. (2009) Fluid Phase Equilib. 285(1-2), 83-89.","Density and surface tension in binary mixtures of CnMIM-BF4 ionic liquids with water and ethanol"
surface_tension,N/m,VbfoL,no,measured,4.815000000e-02,nan,nan,nan,2.831000000e+02,3.631500000e+02,9,0,no,yes,no,no,"Ring tensiometer","","","commercial source","","Shamsipur, M.; Beigi, A. A. M.; Teymouri, M.; Pourmortazavi, S. M.; Irandoust, M. (2010) J. Mol. Liq. 157, 43-50.","Physical and electrochemical properties of ionic liquids 1-ethyl-3-methylimidazolium  tetrafluoroborate, 1-butyl-3-methylimidazolium trifluoromethanesulfonate and  1-butyl-1-methylpyrrolidinium bis(trifluoromethylsulfonyl)imide"
surface_tension,N/m,FIYei,no,measured,nan,5.440000000e-02,2.970000000e+02,1.100000000e-03,2.970000000e+02,2.970000000e+02,1,0,no,yes,yes,yes,"Ring tensiometer","98 % (basis not specified)","0.000256 water mass %","synthesized by the authors","","Shirota, H.; Mandai, T.; Fukazawa, H.; Kato, T. (2011) J. Chem. Eng. Data 56(5), 2453-2459.","Comparison between Dicationic and Monocationic Ionic Liquids: Liquid Density, Thermal Properties, Surface Tension, and Shear Viscosity"
surface_tension,N/m,xpFVZ,no,measured,5.200000000e-02,5.200000000e-02,2.981500000e+02,1.000000000e-03,2.981500000e+02,3.381500000e+02,5,0,no,yes,yes,yes,"Ring tensiometer","98 mass %","0.100 water mass %(none used)","commercial source","Pressure of 1 atm","Shojaeian, Abolfazl (2019) Thermochim. Acta 673, 119-128.","Surface tension measurements of aqueous 1-alkyle-3-methylimidazolume tetrafluoroborate {[Cnmim][BF4] (n = 2, 4, 6)} solutions and modeling surface tension of ionic liquid binary mixtures using six various models"
surface_tension,N/m,PEjfA,yes,measured,5.400970060e-02,5.401000000e-02,2.981200000e+02,5.000000000e-05,2.880500000e+02,3.559100000e+02,14,0,no,yes,yes,yes,"du Nouy ring method","99.8 mass %","0.0164 water mass %","commercial source","Pressure of 1 atm","Souckova, M.; Klomfar, J.; Patek, J. (2011) Fluid Phase Equilib. 303(2), 184-190.","Surface tension of 1-alkyl-3-methylimidazolium based ionic liquids with trifluoromethanesulfonate and tetrafluoroborate anion"
surface_tension,N/m,xddBh,no,measured,5.396681275e-02,5.397000000e-02,2.981000000e+02,6.000000000e-05,2.880600000e+02,3.559900000e+02,14,0,no,yes,yes,yes,"Wilhelmy plate method","99.8 mass %","0.0164 water mass %","commercial source","Pressure of 1 atm","Souckova, M.; Klomfar, J.; Patek, J. (2011) Fluid Phase Equilib. 303(2), 184-190.","Surface tension of 1-alkyl-3-methylimidazolium based ionic liquids with trifluoromethanesulfonate and tetrafluoroborate anion"
surface_tension,N/m,ePzeY,no,measured,5.010000000e-02,5.010000000e-02,2.981500000e+02,5.000000000e-04,2.981500000e+02,3.381500000e+02,9,0,no,yes,yes,yes,"Maximum bubble pressure","99 mass %","0.1 halide impurity mass %;0.1 water mass %","commercial source","Pressure of 1 atm","Xu, W.-G.; Li, L.; Ma, X.-X.; Wei, J.; Duan, W.-B.; Guan, W.; Yang, J. -Z. (2012) J. Chem. Eng. Data 57(8), 2177-2184.","Density, Surface Tension, and Refractive Index of Ionic Liquids Homologue of 1-Alkyl-3-methylimidazolium Tetrafluoroborate [Cnmim][BF4] (n = 2,3,4,5,6)"
surface_tension,N/m,DXmnf,no,measured,5.040000000e-02,5.040000000e-02,2.981500000e+02,5.000000000e-04,2.781500000e+02,3.381500000e+02,13,0,no,yes,no,no,"Capillary rise","","","commercial source","","Yang, J. -Z.; Li, J.; Tong, J.; Hong, M. (2007) Acta Chim. Sinica 65(8), 655-659.","Study on the Density and Surface Tension of Ionic Liquid EMIBF4 in Terms of Standard Addition Method"
density,kg/m^3,cDlka,no,measured,1.279000000e+03,1.279000000e+03,2.981500000e+02,1.000000000e+01,2.931500000e+02,3.431500000e+02,11,0,no,yes,yes,yes,"Vibrating tube method","99 mass %","0.0109 water mass %(dried by vacuum heating)","commercial source","","Aljasmi, Abdullah; Mohammad, Abubaker A.; AlJimaz, Adel S.; Alkhaldi, Khaled H.A. E.; AlTuwaim, Mohammad S. (2025) J. Chem. Eng. Data 70(8), 3148-3164.","Influence of Temperature, Anions, and Alkyl Chain Length on the Density, Viscosity, Speed of Sound, Surface Tension, and Refractive Index of Imidazolium Tetrafluoroborate-Based Ionic Liquids"
density,kg/m^3,cvZAB,no,measured,nan,nan,nan,nan,2.931500000e+02,2.931500000e+02,1,0,no,yes,no,no,"Vibrating tube method","","","commercial source","","Altway, S.; Pujar, S. C.; de Haan, A. B. (2019) J. Chem. Thermodyn. 132, 257-267.","Effect of 1-ethyl-3-methylimidazolium tetrafluoroborate on the phase equilibria for systems containing 5-hydroxymethylfurfural, water, organic solvent in the absence and presence of sodium chloride"
density,kg/m^3,SjhLy,no,measured,1.284900000e+03,1.284900000e+03,2.981500000e+02,9.000000000e+00,2.981500000e+02,3.231500000e+02,6,0,no,yes,no,no,"Vibrating tube method","","","commercial source","","Arosa, Y.; Algnamat, B. S.; Rodriguez, C. D.; Lago, E. L.; Varela, L. M.; de la Fuente, R. (2018) J. Phys. Chem. C 122(51), 29470-29478.","Modeling the Temperature-Dependent Material Dispersion of Imidazolium-Based Ionic Liquids in the VIS-NIR"
density,kg/m^3,ROJMm,no,measured,1.279200000e+03,1.279200000e+03,2.981500000e+02,1.100000000e+00,2.881500000e+02,3.081500000e+02,5,0,no,yes,yes,yes,"Vibrating tube method","99 mass %","0.41 water mass %","commercial source","","Ayranci, E.; Sahin, E. M. (2018) J. Solution Chem. 47(2), 246-261.","Interactions of Imidazolium Based Ionic Liquids with Water Studied by Density and Speed of Sound Measurements: Effect of the Chain Length of an Alkyl Substituent on the Imidazolium Ion"
density,kg/m^3,drafa,no,measured,1.278800000e+03,nan,nan,nan,2.931500000e+02,3.331500000e+02,5,0,no,yes,yes,yes,"Vibrating tube method","98 % (basis not specified)","0.06 water mass %","commercial source","","Bahadur, Indra; Kgomotso, Masilo; Ebenso, Eno E.; Redhi, Gan (2016) RSC Adv. 6(106), 104708-104723.","Influence of temperature on molecular interactions of imidazolium-based ionic liquids with acetophenone: thermodynamic properties and quantum chemical studies"
density,kg/m^3,BxxAT,no,measured,1.282000000e+03,nan,nan,nan,2.831500000e+02,3.331500000e+02,6,0,no,yes,no,no,"Vibrating tube method","","","commercial source","","Bentley, Caitlin L.; Song, Tangqiumei; Morales-Collazo, Oscar; Brennecke, Joan F. (2023) J. Chem. Eng. Data 68(8), 2003-2013.","Solubility of Nitrogen in Ionic Liquids at 295-353 K and Pressures to 140 bar"
density,kg/m^3,RoDdc,no,measured,1.279900000e+03,1.279900000e+03,2.981500000e+02,1.500000000e+00,2.931500000e+02,3.081500000e+02,4,0,no,yes,no,no,"Vibrating tube method","","","commercial source","","Bhagour, S.; Solanki, S.; Hooda, N.; Sharma, D.; Sharma, V. K. (2013) J. Chem. Thermodyn. 60, 76-86.","Thermodynamic properties of binary mixtures of the ionic liquid [emim][BF4] with acetone and dimethylsulphoxide"
density,kg/m^3,LLQuo,no,measured,1.286800000e+03,1.286800000e+03,2.981500000e+02,1.500000000e+00,2.931500000e+02,3.531500000e+02,8,0,no,yes,no,no,"Vibrating tube method","","","commercial source","","Ciocirlan, O.; Croitoru, O.; Iulian, O. (2014) J. Chem. Eng. Data 59(4), 1165-1174.","Density and Refractive Index of Binary Mixtures of Two 1-Alkyl-3-methylimidazolium Ionic Liquids with 1,4-Dioxane and Ethylene Glycol"
density,kg/m^3,UGdQs,no,measured,1.280364935e+03,nan,nan,nan,2.931000000e+02,3.332300000e+02,5,0,no,yes,yes,yes,"Vibrating tube method","97 % (basis not specified)","0.0002 water mass %","commercial source","","Curras, M. R.; Costa Gomes, M. F.; Husson, P.; Padua, A. A. H.; Garcia, J. (2010) J. Chem. Eng. Data 55(12), 5504-5512.","Calorimetric and Volumetric Study on Binary Mixtures 2,2,2-Trifluoroethanol + (1-Butyl-3-methylimidazolium Tetrafluoroborate or 1-Ethyl-3-methylimidazolium Tetrafluoroborate) "
density,kg/m^3,UjUCv,no,measured,1.280850000e+03,nan,nan,nan,2.931500000e+02,3.331500000e+02,50,45,no,yes,yes,yes,"Vibrating tube method","97 % (basis not specified)","0.0002 water mass %(dried by vacuum heating)","commercial source","","Curras, M. R.; Husson, P.; Padua, A. A. H.; Gomes, M. F. C.; Garcia, J. (2014) Ind. Eng. Chem. Res. 53, 10791-10802.","High-Pressure Densities of 2,2,2-Trifluoroethanol + Ionic Liquid Mixtures Useful for Possible Applications in Absorption Cycles"
density,kg/m^3,xQTye,no,measured,1.279200000e+03,1.279200000e+03,2.981500000e+02,5.000000000e-01,2.931500000e+02,3.081500000e+02,4,0,no,yes,yes,yes,"Vibrating tube method","99.0 mass %","0.02 water mass %(dried by vacuum heating)","commercial source","","Darolia, P. J.; Malik, S.; Garg, S.; Sharma, V.K. (2022) Chem. Data Collect. 41, 100939.","Molar heat capacities and excess molar heat capacities of mixtures containing ionic liquids and cyclic amides"
density,kg/m^3,WiNWI,no,measured,1.279200000e+03,1.279200000e+03,2.981500000e+02,5.000000000e-01,2.931500000e+02,3.081500000e+02,4,0,no,yes,yes,yes,"Vibrating tube method","99.0 mass %","0.02 water mass %(dried by vacuum heating)","commercial source","","Darolia, P. J.; Malik, S.; Sharma, D.; Kumar, M.; Garg, S.; Sharma, V. K. (2021) J. Solution Chem. 50(11-12), 1391-1431.","Physico-Chemical Characterization of Binary and Ternary Mixtures of Imidazolium Based Cation and Common Anion Ionic Liquids with Lactams"
density,kg/m^3,PGSyT,no,measured,nan,nan,nan,nan,3.031500000e+02,3.331500000e+02,4,0,no,yes,yes,yes,"Vibrating tube method","98.0 mass %","0.0287 water mass %","commercial source","","Fan, X.-H.; Chen, Y.-P.; Su, C.-S. (2016) J. Chem. Eng. Data 61(2), 920-927.","Density and Viscosity Measurements for Binary Mixtures of 1-Ethyl-3-methylimidazolium Tetrafluoroborate ([Emim][BF4]) with Dimethylacetamide, Dimethylformamide, and Dimethyl Sulfoxide"
density,kg/m^3,TYEaC,no,measured,1.279900000e+03,1.279900000e+03,2.981500000e+02,2.000000000e+00,2.931500000e+02,3.081500000e+02,4,0,no,yes,yes,yes,"Vibrating tube method","99 mass %","0.032 water mass %","commercial source","","Gupta, H.; Kataria, J.; Sharma, D.; Sharma, V. K. (2016) J. Chem. Thermodyn. 103, 189-205.","Topological investigations of molecular interactions in binary ionic liquid mixtures with a common ion: Excess molar volumes, excess isentropic compressibilities, excess molar enthalpies and excess molar heat capacities"
density,kg/m^3,gajHB,no,measured,1.279900000e+03,1.279900000e+03,2.981500000e+02,1.200000000e+00,2.931500000e+02,3.081500000e+02,4,0,no,yes,yes,yes,"Vibrating tube method","99.0 mass %","99.5 mass %;0.02 water mass %(dried by vacuum heating)","commercial source","","Gupta, H.; Malik, S.; Sharma, D.; Sharma, V. K. (2018) J. Mol. Liq. 258, 114-123.","Measurement and prediction of thermodynamic properties of ternary mixtures containing [Bmim][BF4] - [Emim][BF4] - cyclopentanone or cyclohexanone"
density,kg/m^3,KqAqL,no,measured,1.279900000e+03,1.279900000e+03,2.981500000e+02,1.100000000e+00,2.931500000e+02,3.081500000e+02,4,0,no,yes,yes,yes,"Vibrating tube method","99 mass %","0.02 water mass %(de-gassed by evacuation)","commercial source","","Gupta, H.; Malik, S.; Sharma, V. K. (2018) J. Solution Chem. 47(2), 336-352.","Thermodynamic Properties of Ternary Ionic Liquid Mixture Containing a Common Ion: Excess Molar Volumes, Excess Isentropic Compressibilities, Excess Molar Enthalpies and Excess Heat Capacities"
density,kg/m^3,KdTCn,no,measured,1.279900000e+03,1.279900000e+03,2.981500000e+02,2.400000000e+00,2.981500000e+02,2.981500000e+02,1,0,no,yes,yes,yes,"Vibrating tube method","99.0 mass %","0.02 water mass %(dried by vacuum heating)","commercial source","","Gupta, Heena; Malik, Sunita; Sharma, Vinod Kumar (2019) J. Therm. Anal. Calorim. 136, 1383-1394.","Excess molar enthalpies for [Bmmim][BF4]aEUR%0+aEUR%0[Bmim][BF4] or [Emim][BF4]aEUR%0+aEUR%0cyclopentanone or cyclohexanone mixtures"
density,kg/m^3,wJUFR,no,measured,1.279400000e+03,nan,nan,nan,2.831500000e+02,3.131500000e+02,4,0,no,yes,no,no,"Vibrating tube method","","","commercial source","","Gutierrez, A.; Atilhan, M.; Alcalde, R.; Trenzado, J.L.; Aparicio, S. (2018) J. Mol. Liq. 255, 199-207.","Insights on the mixtures of imidazolium based ionic liquids with molecular solvents"
density,kg/m^3,IoLiTec-IL-0006,no,manufacturer_spec,1.282000000e+03,1.282000000e+03,2.971500000e+02,nan,2.971500000e+02,2.971500000e+02,1,0,no,no,yes,no,"",">98% (Datenblatt Seite 1/4, Abschnitt 2)","","Hersteller IoLiTec","","IoLiTec Ionic Liquids Technologies GmbH, Technical Data Sheet 1-Ethyl-3-methylimidazolium tetrafluoroborate, Produktcode IL-0006, CAS 143314-16-3, Revision Date 2/13/2012, Date Issued 11/2/2012, Seite 2/4, Abschnitt 3 PROPERTIES.","Technical Data Sheet IL-0006"
density,kg/m^3,CzKbC,no,measured,1.286800000e+03,1.286800000e+03,2.981500000e+02,1.500000000e+00,2.931500000e+02,3.531500000e+02,8,0,no,yes,no,no,"Vibrating tube method","","","commercial source","","Iulian, O.; Ciocirlan, O. (2012) J. Chem. Eng. Data 57(10), 2640-2646.","Volumetric Properties of Binary Mixtures of Two 1-Alkyl-3-Methylimidazolium Tetrafluoroborate Ionic Liquids with Molecular Solvents  "
density,kg/m^3,zGuGj,no,measured,1.282993927e+03,1.283000000e+03,2.981400000e+02,1.000000000e+01,2.934100000e+02,3.530700000e+02,13,0,no,yes,no,no,"Buoyancy - hydrostatic balance","","","commercial source","","Klomfar, J.; Souckova, M.; Patek, J. (2009) Fluid Phase Equilib. 282(1), 31-37.","Buoyancy density measurements for 1-alkyl-3-methylimidazolium based ionic liquids with tetrafluoroborate anion"
density,kg/m^3,oKHnt,no,measured,nan,nan,nan,nan,nan,nan,76,76,no,yes,yes,yes,"Isochoric PVT measurement","99.8 mol %","0.000105 water mass %;0.000175 halide impurity mass %","commercial source","","Klomfar, J.; Souckova, M.; Patek, J. (2012) J. Chem. Eng. Data 57(3), 708-720.","P-rho-T Measurements for 1-Alkyl-3-methylimidazolium-Based Ionic Liquids with Tetrafluoroborate and a Trifluoromethanesulfonate Anion"
density,kg/m^3,pcgJV,no,measured,1.279700000e+03,1.279700000e+03,2.981500000e+02,1.500000000e+00,2.781500000e+02,3.081500000e+02,7,0,no,yes,yes,yes,"Vibrating tube method","98 % (basis not specified)","1 water mass %;0.1 halide impurity mass %","synthesized by others","","Kolbeck, C.; Lehmann, J.; Lovelock, K. R. J.; Cremer, T.; Paape, N.; Wasserscheid, P.; Froba, A. P.; Maier, F.; Steinruck, H.-P. (2010) J. Phys. Chem. B 114(51), 17025-17036.","Density and Surface Tension of Ionic Liquids"
density,kg/m^3,mKYZn,no,measured,1.279000000e+03,nan,nan,nan,2.931500000e+02,3.331500000e+02,5,0,no,yes,no,no,"Vibrating tube method","","","commercial source","","Masilo, K.; Bahadur, I. (2021) J. Chem. Eng. Data 66(3), 1211-1230.","Intermolecular Interactions between 1-Ethyl-3-methylimidazolium-Based Ionic Liquids with Carboxylic Acid at Different Temperatures via Thermodynamic and Spectroscopic Studies"
density,kg/m^3,ihmDn,no,measured,1.279000000e+03,nan,nan,nan,2.931500000e+02,3.331500000e+02,5,0,no,yes,no,no,"Vibrating tube method","","","commercial source","","Masilo, Kgomotso; Singh, Sangeeta; Bahadur, Indra; Tumba, Kaniki; Paredes, Marcio Luis Lyra; Hernandez, Ariel; Mohammad, Faruq; Soleiman, Ahmed Abdullah (2024) J. Chem. Eng. Data 69(1), 25-37.","Experimental Measurements, Correlation, and Prediction Models to Study 1-Ethyl-3-methylimidazolium Tetrafluoroborate Ionic Liquid Ternary Mixtures"
density,kg/m^3,kacCo,yes,measured,1.280900000e+03,1.280900000e+03,2.981500000e+02,1.100000000e+00,2.831500000e+02,3.731500000e+02,19,0,no,yes,yes,yes,"Vibrating tube method","99 mass %","0.0100 water mass %(dried by vacuum heating)","commercial source","","Miranda, Carlos F.P.; Santos, Luis M.N.B.F. (2025) Fluid Phase Equilib. 597, 114458.","Impact of nanostructuration on the transport properties of ionic liquids"
density,kg/m^3,iUwNL,no,measured,1.279500000e+03,nan,nan,nan,2.931500000e+02,3.431500000e+02,6,0,no,yes,yes,yes,"Vibrating tube method","98 mass %","0.01 halide impurity mass %","commercial source","","Montalban, M. G.; Bolivar, C. L.; Banos, F. G. D.; Villora, G. (2015) J. Chem. Eng. Data 60(7), 1986-1996.","Effect of Temperature, Anion, and Alkyl Chain Length on the Density and Refractive Index of 1-Alkyl-3-methylimidazolium-Based Ionic Liquids"
density,kg/m^3,eRrEv,no,measured,1.279700000e+03,1.279700000e+03,2.981000000e+02,2.600000000e+00,2.981000000e+02,2.981000000e+02,1,0,no,yes,no,no,"Vibrating tube method","","","synthesized by the authors","","Nakamura, K.; Shikata, T. (2010) ChemPhysChem 11(1), 285-294.","Systematic Dielectric and NMR Study of the Ionic Liquid 1-Alkyl-3-Methyl Imidazolium"
density,kg/m^3,AksJg,no,measured,1.279600000e+03,1.279600000e+03,2.981500000e+02,1.100000000e+00,2.981500000e+02,3.081500000e+02,9,0,no,yes,no,no,"Vibrating tube method","","","commercial source","","Navia, P.; Troncoso, J.; Romani, L. (2007) J. Chem. Eng. Data 52(4), 1369-1374.","Excess Magnitudes for Ionic Liquid Binary Mixtures with a Common Ion"
density,kg/m^3,CjFTf,no,measured,1.283300000e+03,1.283300000e+03,2.981500000e+02,1.100000000e+00,2.781500000e+02,3.631500000e+02,18,0,no,yes,yes,yes,"Vibrating tube method","99 mass %","0.03 water mass %(dried by vacuum heating)","commercial source","","Neves, C. M. S. S.; Kurnia, K. A.; Coutinho, J. A. P.; Marrucho, I. M.; Lopes, J. N. C.; Freire, M. G.; Rebelo, L. P. N. (2013) J. Phys. Chem. B 117, 10271-10283.","Systematic Study of the Thermophysical Properties of Imidazolium- Based Ionic Liquids with Cyano-Functionalized Anions"
density,kg/m^3,npUsj,no,measured,1.280000000e+03,1.280000000e+03,2.981000000e+02,2.000000000e+01,2.981000000e+02,2.981000000e+02,1,0,no,yes,no,no,"Pycnometric method","","","synthesized by the authors","","Nishida, T.; Tashiro, Y.; Yamamoto, M. (2003) J. Fluorine Chem. 120, 135-141.","Physical and electrochemical properties of 1-alkyl-3-methylimidazolium tetrafluoroborate for electrolyte"
density,kg/m^3,Pssni,no,measured,1.278880000e+03,1.279000000e+03,2.980000000e+02,5.000000000e+00,2.930000000e+02,3.130000000e+02,5,0,no,yes,no,no,"Vibrating tube method","","","synthesized by the authors","","Noda, A.; Hayamizu, K.; Watanabe, M. (2001) J. Phys. Chem. B 105, 4603-4610.","Pulsed-Gradient Spin-Echo 1H and 19F NMR Ionic Diffusion Coefficient, Viscosity, and Ionic Conductivity of Non-Chloroaluminate Room-Temperature Ionic Liquids"
density,kg/m^3,GUiuf,no,measured,1.279850000e+03,nan,nan,nan,2.931500000e+02,3.231500000e+02,4,0,no,yes,yes,yes,"Vibrating tube method","98 mass %","0.034 water mass %(dried by vacuum heating)","commercial source","","Rao, V. S.; Krishna, T. V.; Mohan, T. M.; Rao, P. M. (2017) J. Chem. Thermodyn. 104, 150-161.","Physicochemical properties of green solvent 1-ethyl-3- methylimidazolium tetrafluoroborate with aniline from T = (293.15 to 323.15) K at atmospheric pressure"
density,kg/m^3,GNvNR,no,measured,1.279850000e+03,nan,nan,nan,2.931500000e+02,3.231500000e+02,4,0,no,yes,yes,yes,"Vibrating tube method","98 mass %","0.034 water mass %(dried by vacuum heating)","commercial source","","Rao, V. S.; Krishna, T. V.; Mohan, T. M.; Rao, P. M. (2017) J. Solution Chem. 46(2), 281-304.","Investigations of Molecular Interactions in Binary Mixtures of the Ionic Liquid [Emim][BF4] and N-Methylaniline at Temperatures from 293.15 to 323.15 K"
density,kg/m^3,xSfIW,no,measured,1.277600000e+03,1.277600000e+03,2.981500000e+02,2.100000000e+00,2.981500000e+02,3.281500000e+02,4,0,no,yes,no,no,"Vibrating tube method","","","commercial source","","Reddy, M. S.; Nayeem, S. M.; Raju, K. T. S. S.; Babu, B. H. (2016) J. Therm. Anal. Calorim. 124, 959-971.","The study of solute solvent interactions in 1-ethyl-3- methylimidazolium tetrafluoroborate + 2-ethoxyethanol from density, speed of sound, and refractive index measurements"
density,kg/m^3,JIOMy,no,measured,1.279900000e+03,1.279900000e+03,2.981000000e+02,1.500000000e+00,2.981000000e+02,2.981000000e+02,1,0,no,yes,yes,yes,"Vibrating tube method","98 mass %","0.022 water mass %","commercial source","","Rilo, E.; Pico, J.; Garcia-Garabal, S.; Varela, L. M.; Cabeza, O. (2009) Fluid Phase Equilib. 285(1-2), 83-89.","Density and surface tension in binary mixtures of CnMIM-BF4 ionic liquids with water and ethanol"
density,kg/m^3,NnkaN,no,measured,1.285500000e+03,1.285500000e+03,2.981500000e+02,1.600000000e+00,2.831500000e+02,3.231500000e+02,117,108,no,yes,no,no,"Vibrating tube method","","","commercial source","","Sanmamed, Y. A.; Gonzalez-Salgado, D.; Troncoso, J.; Romani, L.; Baylaucq, A.; Boned, C. (2010) J. Chem. Thermodyn. 42(4), 553-563.","Experimental methodology for precise determination of density of RTILs as a function of temperature and pressure using vibrating tube densimeters"
density,kg/m^3,OonLB,no,measured,1.288800000e+03,1.288800000e+03,2.981500000e+02,3.200000000e+00,2.981500000e+02,3.331500000e+02,5,0,no,yes,no,no,"Vibrating tube method","","","synthesized by the authors","","Schreiner, C.; Zugmann, S.; Hartl, R.; Gores, H. J. (2010) J. Chem. Eng. Data 55(5), 1784-1788.","Fractional Walden Rule for Ionic Liquids: Examples from Recent Measurements and a Critique of the So-Called Ideal KCl Line for the Walden Plot"
density,kg/m^3,vuHBU,no,measured,1.279899020e+03,1.280100000e+03,2.979000000e+02,6.000000000e-01,2.830000000e+02,3.530000000e+02,15,0,no,yes,no,no,"Vibrating tube method","","","commercial source","","Seki, S.; Kobayashi, T.; Kobayashi, Y.; Takei, K.; Miyashiro, H.; Hayamizu, K.; Tsuzuki, S.; Mitsugi, T.; Umebayashi, Y. (2010) J. Mol. Liq. 152(1-3), 9-13.","Effects of cation and anion on physical properties of room-temperature ionic liquids"
density,kg/m^3,DSUyF,no,measured,1.280500000e+03,1.280500000e+03,2.981500000e+02,1.900000000e+00,2.831500000e+02,3.531500000e+02,15,0,no,yes,yes,yes,"Vibrating tube method","98 mass %","0.01 water mass %(dried by vacuum heating)","commercial source","","Seki, S.; Tsuzuki, S.; Hayamizu, K.; Umebayashi, Y.; Serizawa, N.; Takei, K.; Miyashiro, H. (2012) J. Chem. Eng. Data 57(8), 2211-2216.","Comprehensive Refractive Index Property for Room-Temperature Ionic Liquids"
density,kg/m^3,oqzhk,no,measured,1.290000000e+03,1.290000000e+03,2.981000000e+02,2.000000000e+01,2.981000000e+02,2.981000000e+02,1,0,no,yes,no,no,"not given","","","synthesized by the authors","","Shalygin, A. S.; Nesterov, N. S.; Prikhod'ko, S. A.; Adonin, N. Y.; Martyanov, O. N.; Kazarian, S. G. (2020) J. Mol. Liq. 315, 113694.","Interactions of CO2 with the homologous series of SnMIMBF4 ionic liquids studied in situ ATR-FTIR spectroscopy: spectral characteristics, thermodynamic parameters and their correlation"
density,kg/m^3,XlgSE,no,measured,1.293150000e+03,nan,nan,nan,2.831000000e+02,3.631500000e+02,9,0,no,yes,no,no,"Vibrating tube method","","","commercial source","","Shamsipur, M.; Beigi, A. A. M.; Teymouri, M.; Pourmortazavi, S. M.; Irandoust, M. (2010) J. Mol. Liq. 157, 43-50.","Physical and electrochemical properties of ionic liquids 1-ethyl-3-methylimidazolium  tetrafluoroborate, 1-butyl-3-methylimidazolium trifluoromethanesulfonate and  1-butyl-1-methylpyrrolidinium bis(trifluoromethylsulfonyl)imide"
density,kg/m^3,oMjaO,no,measured,1.279900000e+03,1.279900000e+03,2.981500000e+02,2.400000000e+00,2.931500000e+02,3.081500000e+02,4,0,no,yes,no,no,"Vibrating tube method","","","commercial source","","Sharma, D.; Bhagour, S.; Sharma, V. K. (2012) J. Chem. Eng. Data 57(12), 3488-3497.","Thermodynamic and Topological Studies of 1-Ethyl-3-methylimidazolium Tetrafluoroborate + Pyrrolidin-2-one and 1-Methyl-pyrrolidin-2-one Mixtures"
density,kg/m^3,Mdqnp,no,measured,1.279900000e+03,1.279900000e+03,2.981500000e+02,1.500000000e+00,2.931500000e+02,3.081500000e+02,4,0,no,yes,yes,yes,"Vibrating tube method","98 mol %","0.035 water mass %(none used)","commercial source","","Sharma, V. K.; Bhagour, S. (2013) J. Solution Chem. 42(4), 800-822.","Molecular Interactions in 1-Ethyl-3-Methylimidazolim  Tetrafluoroborate + Amide Mixtures: Excess Molar  Volumes, Excess Isentropic Compressibilities and Excess  Molar Enthalpies"
density,kg/m^3,vGhYJ,no,measured,1.279900000e+03,1.279900000e+03,2.981500000e+02,1.900000000e+00,2.931500000e+02,3.081500000e+02,4,0,no,yes,yes,yes,"Vibrating tube method","98 % (basis not specified)","0.0328 water mass %","commercial source","","Sharma, V. K.; Bhagour, S.; Sharma, D.; Solanki, S. (2013) Thermochim. Acta 563, 72-81.","Thermodynamic properties of ternary mixtures of 1-ethyl-3-methylimidazolium  tetrafluoroborate with 1-methyl pyrrolidin-2-one or pyrrolidin-2-one + water"
density,kg/m^3,yxCzq,no,measured,1.279900000e+03,1.279900000e+03,2.981500000e+02,1.700000000e+00,2.931500000e+02,3.081500000e+02,4,0,no,yes,no,no,"Vibrating tube method","","","commercial source","","Sharma, V. K.; Bhagour, S.; Solanki, S.; Rohilla, A. (2013) J. Chem. Eng. Data 58(7), 1939-1954.","Thermodynamic Properties of Ternary Mixtures Containing Ionic Liquids and Organic Solvents"
density,kg/m^3,kxQSU,no,measured,1.279900000e+03,1.279900000e+03,2.981500000e+02,1.500000000e+00,2.981500000e+02,2.981500000e+02,1,0,no,yes,yes,yes,"Vibrating tube method","98 mass %","0.0342 water mass %(none used)","commercial source","","Sharma, V. K.; Bhagour, S.; Solanki, S.; Sheetal; Jangra, S. K. (2014) J. Chem. Thermodyn. 68, 235-243.","Excess molar enthalpies for [emim][BF4] + pyrrolidin-2-one or 1-methyl pyrrolidin-2-one + pyridine or water mixtures"
density,kg/m^3,VpNJa,no,measured,1.280000000e+03,1.280000000e+03,2.981500000e+02,1.500000000e+00,2.931500000e+02,3.081500000e+02,4,0,no,yes,yes,yes,"Vibrating tube method","98 mass %","0.032 water mass %","commercial source","","Sharma, V. K.; Kataria, J.; Bhagour, S. (2014) J. Therm. Anal. Calorim. 118, 431-447.","Thermodynamic investigations of 1-ethyl-3-methylimidazolium tetrafluoroborate and cycloalkanone mixtures"
density,kg/m^3,PcTrX,no,measured,1.280000000e+03,1.280000000e+03,2.981500000e+02,1.700000000e+00,2.931500000e+02,3.081500000e+02,4,0,no,yes,no,no,"Vibrating tube method","","","commercial source","","Sharma, V. K.; Kataria, J.; Sharma, D. (2015) J. Therm. Anal. Calorim. 121, 777-796.","Excess heat capacities of mixtures containing 1-ethyl-3- methylimidazolium tetrafluoroborate, lactams and cyclic alkanones"
density,kg/m^3,RFZyQ,no,measured,1.280000000e+03,1.280000000e+03,2.981500000e+02,1.700000000e+00,2.931500000e+02,3.081500000e+02,4,0,no,yes,no,no,"Vibrating tube method","","","commercial source","","Sharma, V. K.; Kataria, J.; Solanki, S. (2016) J. Therm. Anal. Calorim. 123, 1571-1582.","Excess molar enthalpies for ternary mixtures containing [emim][BF4], cyclic amides and cyclic ketones"
density,kg/m^3,uQrEG,no,measured,1.279900000e+03,1.279900000e+03,2.981500000e+02,1.500000000e+00,2.931500000e+02,3.081500000e+02,4,0,no,yes,yes,yes,"Vibrating tube method","98 mol %","0.034 water mass %","commercial source","","Sharma, V. K.; Solanki, S. (2013) J. Mol. Liq. 177, 133-144.","Topological investigations of binary mixtures containing 1-ethyl-3-methylimidazolium tetrafluoroborate and anilines"
density,kg/m^3,Kcvdy,no,measured,1.279900000e+03,1.279900000e+03,2.981500000e+02,1.700000000e+00,2.931500000e+02,3.081500000e+02,4,0,no,yes,no,no,"Vibrating tube method","","","commercial source","","Sharma, V. K.; Solanki, S.; Bhagour, S. (2014) J. Chem. Eng. Data 59(4), 1140-1157.","Thermodynamic Properties of Ternary Mixtures Containing Ionic Liquid and Organic Liquids: Excess Molar Volume and Excess Isentropic Compressibility"
density,kg/m^3,oWVmD,no,measured,1.279900000e+03,1.279900000e+03,2.981500000e+02,2.000000000e+00,2.981500000e+02,2.981500000e+02,1,0,no,yes,yes,yes,"Vibrating tube method","98 mass %","0.0328 water mass %","commercial source","","Sharma, V. K.; Solanki, S.; Bhagour, S. (2015) J. Therm. Anal. Calorim. 119, 1293-1302.","Excess molar enthalpies of binary and ternary liquid mixtures"
density,kg/m^3,yywPN,no,measured,1.279900000e+03,1.279900000e+03,2.981500000e+02,1.500000000e+00,2.931500000e+02,3.081500000e+02,4,0,no,yes,yes,yes,"Vibrating tube method","98 mol %","0.034 water mass %","commercial source","","Sharma, V. K.; Solanki, S.; Bhagour, S.; Sharma, D. (2013) J. Mol. Liq. 188, 258-271.","Topological investigations of thermodynamic properties of ionic liquid mixtures:  Excess molar volumes and excess isentropic compressibilities"
density,kg/m^3,GbsRj,no,measured,1.279900000e+03,1.279900000e+03,2.981500000e+02,1.700000000e+00,2.931500000e+02,3.081500000e+02,4,0,no,yes,no,no,"Vibrating tube method","","","commercial source","","Sharma, V.; Solanki, S.; Bhagour, S. (2014) J. Chem. Eng. Data 59(6), 1852-1864.","Excess Heat Capacities of Binary and Ternary Mixtures Containing 1-Ethyl-3-methylimidazolium Tetrafluoroborate and Anilines"
density,kg/m^3,HvNKE,no,measured,1.280110000e+03,1.279000000e+03,3.000000000e+02,7.000000000e+00,2.850000000e+02,3.050000000e+02,5,0,no,yes,yes,yes,"Pycnometric method","97 % (basis not specified)","0.0207 water mass %(de-gassed by evacuation;dried by vacuum heating)","commercial source","","Shiflett, M. B.; Yokozeki, A. (2007) J. Chem. Eng. Data 52(4), 1302-1306.","Liquid-Liquid Equilibria in Binary Mixtures of 1,3-Propanediol + Ionic Liquids [bmim][PF6], [bmim][BF4], and [emim][BF4]"
density,kg/m^3,AYIJU,no,measured,nan,1.279000000e+03,2.970000000e+02,8.000000000e+00,2.970000000e+02,2.970000000e+02,1,0,no,yes,yes,yes,"Vibrating tube method","98 % (basis not specified)","0.000256 water mass %","synthesized by the authors","","Shirota, H.; Mandai, T.; Fukazawa, H.; Kato, T. (2011) J. Chem. Eng. Data 56(5), 2453-2459.","Comparison between Dicationic and Monocationic Ionic Liquids: Liquid Density, Thermal Properties, Surface Tension, and Shear Viscosity"
density,kg/m^3,Kstuc,no,measured,1.279900000e+03,1.279900000e+03,2.981500000e+02,1.500000000e+00,2.931500000e+02,3.081500000e+02,4,0,no,yes,yes,yes,"Vibrating tube method","98 mass %","0.01 water mass %(none used)","commercial source","","Solanki, S.; Hooda, N.; Sharma, V. K. (2013) J. Chem. Thermodyn. 56, 123-135.","Topological investigations of binary mixtures containing ionic liquid 1-ethyl-3-methylimidazolium tetrafluoroborate and pyridine or isomeric picolines"
density,kg/m^3,AWnwi,no,measured,1.280000000e+03,1.280000000e+03,2.981500000e+02,1.100000000e+00,2.931500000e+02,3.431500000e+02,11,0,no,yes,no,no,"Vibrating tube method","","","synthesized by the authors","","Song, D.; Chen, J. (2014) J. Chem. Eng. Data 59(2), 257-262.","Density and Viscosity Data for Mixtures of Ionic Liquids with a Common Anion"
density,kg/m^3,qVBzT,no,measured,1.282361000e+03,1.282300000e+03,2.982000000e+02,3.200000000e+00,2.932000000e+02,3.532000000e+02,18,0,no,yes,yes,yes,"Vibrating tube method","97 mass %","0.9 water mass %(dried in a desiccator)","commercial source","","Soriano, A. N.; Doma Jr., B. T.; Li, M.-H. (2010) J. Taiwan Inst. Chem. Eng. 41, 115-121.","Density and refractive index measurements of 1-ethyl-3-methylimidazolium-based ionic liquids"
density,kg/m^3,lKXxf,no,measured,1.277600000e+03,1.277600000e+03,2.981500000e+02,2.000000000e+00,2.981500000e+02,3.281500000e+02,4,0,no,yes,yes,yes,"Vibrating tube method","99 mass %","0.0050 water mass %","commercial source","","Srinivasa Reddy, M.; Nayeem, S. M.; Soumini, C.; Raju, K. T. S. S.; Hari Babu, B. (2016) Thermochim. Acta 630, 37-49.","Study of molecular interactions in binary liquid mixtures of [Emim][BF4] with 2-methoxyethanol using thermo acoustic, volumetric and optical properties"
density,kg/m^3,auiwj,no,measured,1.280400000e+03,1.280400000e+03,2.981500000e+02,1.500000000e+00,2.981500000e+02,2.981500000e+02,1,0,no,yes,yes,yes,"Vibrating tube method","98 mass %","0.01 water mass %;0.0 halide impurity mass %(dried in a desiccator)","commercial source","","Stoppa, A.; Buchner, R.; Hefter, G. (2010) J. Mol. Liq. 153, 46-51.","How ideal are binary mixtures of room-temperature ionic liquids?"
density,kg/m^3,gfvGD,no,measured,1.283700000e+03,1.283700000e+03,2.981500000e+02,1.500000000e+00,2.981500000e+02,2.981500000e+02,1,0,no,yes,no,no,"Vibrating tube method","","","commercial source","","Stoppa, A.; Hunger, J.; Buchner, R. (2009) J. Chem. Eng. Data 54(2), 472-479.","Conductivities of Binary Mixtures of Ionic Liquids with Polar Solvents"
density,kg/m^3,ticPQ,no,measured,1.280400000e+03,1.283700000e+03,2.981500000e+02,9.000000000e+00,2.981500000e+02,2.981500000e+02,2,0,no,yes,no,no,"Vibrating tube method","","","synthesized by the authors","","Stoppa, A.; Hunger, J.; Buchner, R. (2009) J. Chem. Eng. Data 54(2), 472-479.","Conductivities of Binary Mixtures of Ionic Liquids with Polar Solvents"
density,kg/m^3,clMTw,no,measured,1.280100000e+03,1.280100000e+03,2.981500000e+02,3.200000000e+00,2.781000000e+02,3.381500000e+02,7,0,no,yes,no,no,"Vibrating tube method","","","synthesized by the authors","","Stoppa, A.; Zech, O.; Kunz, W.; Buchner, R. (2010) J. Chem. Eng. Data 55(5), 1768-1773.","The Conductivity of Imidazolium-Based Ionic Liquids from (-35 to 195) deg C. A. Variation of Cation s Alkyl Chain"
density,kg/m^3,MuiAI,no,measured,nan,nan,nan,nan,nan,nan,180,180,no,yes,yes,yes,"Bellows volumetry","97 % (basis not specified)","0.09 water mass %(dried by vacuum heating)","commercial source","","Taguchi, R.; Machida, H.; Sato, Y.; Smith, R. L. (2009) J. Chem. Eng. Data 54(1), 22-27.","High-Pressure Densities of 1-Alkyl-3-methylimidazolium Hexafluorophosphates and 1-Alkyl-3-methylimidazolium Tetrafluoroborates at Temperatures from (313 to 473) K and at Pressures up to 200 MPa"
density,kg/m^3,YASzG,no,measured,1.280575000e+03,nan,nan,nan,2.931500000e+02,3.531500000e+02,4,0,no,yes,yes,yes,"Vibrating tube method","97 % (basis not specified)","0.09 water mass %(dried by vacuum heating)","commercial source","","Taguchi, R.; Machida, H.; Sato, Y.; Smith, R. L. (2009) J. Chem. Eng. Data 54(1), 22-27.","High-Pressure Densities of 1-Alkyl-3-methylimidazolium Hexafluorophosphates and 1-Alkyl-3-methylimidazolium Tetrafluoroborates at Temperatures from (313 to 473) K and at Pressures up to 200 MPa"
density,kg/m^3,GjsOU,no,measured,1.280000000e+03,1.280000000e+03,2.981500000e+02,8.900000000e+00,2.831500000e+02,3.131500000e+02,7,0,no,yes,no,no,"Vibrating tube method","","","commercial source","","Trenzado, J. L.; Rodrguez, Y.; Gutirrez, A.; Cincotti, A.; Aparicio, S. (2021) J. Mol. Liq. 334, 116049.","Experimental and molecular modeling study on the binary mixtures of [EMIM][BF4] and [EMIM][TFSI] ionic liquids"
density,kg/m^3,rbUqN,no,measured,nan,nan,nan,nan,3.331000000e+02,3.331000000e+02,1,0,no,yes,no,no,"Vibrating tube method","","","synthesized by the authors","","Van Valkenburg, M. E.; Vaughn, R. L.; Williams, M.; Wilkes, J. S. (2005) Thermochim. Acta 425(1-2), 181-188.","Thermochemistry of ionic liquid heat-transfer fluids"
density,kg/m^3,WNUXf,no,measured,1.290000000e+03,1.290000000e+03,2.981500000e+02,1.500000000e+00,2.781500000e+02,3.181500000e+02,5,0,no,yes,yes,yes,"Vibrating tube method","98 mass %","0.06 water mass %;2 halide impurity mass %(dried by vacuum heating)","commercial source","","Vercher, E.; Llopis, F. J.; Gonzalez-Alfaro, V.; Miguel, P. J.; Orchilles, V.; Martinez-Andreu, A. (2015) J. Chem. Thermodyn. 90, 174-184.","Volumetric properties, viscosities and refractive indices of binary liquid mixtures of tetrafluoroborate-based ionic liquids with methanol at several temperatures"
density,kg/m^3,VAnXf,no,measured,1.279000000e+03,1.279000000e+03,2.981500000e+02,5.000000000e+00,2.981500000e+02,2.981500000e+02,1,0,no,yes,no,no,"Vibrating tube method","","","commercial source","","Vila, J.; Gines, P.; Rilo, E.; Cabeza, O.; Varela, L. M. (2006) Fluid Phase Equilib. 247(1-2), 32-39.","Great increase of the electrical conductivity of ionic liquids in aqueous solutions"
density,kg/m^3,bWbQt,no,measured,nan,nan,nan,nan,nan,nan,7,7,no,yes,no,no,"Vibrating tube method","","","commercial source","","Watanabe, M.; Kodama, D.; Makino, T.; Kanakubo, M. (2016) Fluid Phase Equilib. 420, 44-49.","CO2 absorption properties of imidazolium based ionic liquids using a magnetic suspension balance"
density,kg/m^3,boJKZ,no,measured,1.279700000e+03,1.279700000e+03,2.981500000e+02,1.500000000e+00,2.931500000e+02,3.631500000e+02,9,0,no,yes,no,no,"Vibrating tube method","","","commercial source","","Watanabe, M.; Kodama, D.; Makino, T.; Kanakubo, M. (2016) Fluid Phase Equilib. 420, 44-49.","CO2 absorption properties of imidazolium based ionic liquids using a magnetic suspension balance"
density,kg/m^3,YKqMi,no,measured,nan,nan,nan,nan,3.032000000e+02,3.232000000e+02,5,0,no,yes,no,no,"Vibrating tube method","","","commercial source","","Wong, C.-L.; Soriano, A. N.; Li, M. -H. (2008) Fluid Phase Equilib. 271(1-2), 43-52.","Diffusion coefficients and molar conductivities in aqueous solutions of 1-ethyl-3-methylimidazolium-based ionic liquids"
density,kg/m^3,nqiNA,no,measured,1.280000000e+03,1.280000000e+03,2.981500000e+02,1.000000000e+01,2.981500000e+02,3.381500000e+02,9,0,no,yes,yes,yes,"Buoyancy - hydrostatic balance","99 mass %","0.1 halide impurity mass %;0.1 water mass %","commercial source","","Xu, W.-G.; Li, L.; Ma, X.-X.; Wei, J.; Duan, W.-B.; Guan, W.; Yang, J. -Z. (2012) J. Chem. Eng. Data 57(8), 2177-2184.","Density, Surface Tension, and Refractive Index of Ionic Liquids Homologue of 1-Alkyl-3-methylimidazolium Tetrafluoroborate [Cnmim][BF4] (n = 2,3,4,5,6)"
density,kg/m^3,VRqDQ,no,measured,1.280600000e+03,1.280600000e+03,2.981500000e+02,1.100000000e+00,2.931500000e+02,3.331500000e+02,9,0,no,yes,no,no,"Vibrating tube method","","","commercial source","","Yambou, E. P.; Gorska, B.; Beguin, F. (2020) J. Mol. Liq. 298, 111959.","Binary mixtures of ionic liquids based on EMIm cation and fluorinated anions: physico-chemical characterization in view of their application as low-temperature electrolytes"
density,kg/m^3,XlyPn,no,measured,1.282500000e+03,1.282500000e+03,2.981500000e+02,4.200000000e+00,2.931500000e+02,3.331500000e+02,9,0,no,yes,yes,yes,"Vibrating tube method","97 mass %","0.16 water mass %(dried by vacuum heating)","commercial source","","Yang, Fuxin; Wang, Bangju; Jiao, Yanhao; Tan, Houzhang; Wang, Xiaopo (2023) J. Chem. Thermodyn. 181, 107038.","Density and viscosity of three ionic liquids with 2,2,2-trifluoroethanol"
density,kg/m^3,BfqYd,no,measured,1.283800000e+03,1.283800000e+03,2.981500000e+02,2.200000000e+00,2.781500000e+02,3.381500000e+02,13,0,no,yes,no,no,"Pycnometric method","","","commercial source","","Yang, J. -Z.; Li, J.; Tong, J.; Hong, M. (2007) Acta Chim. Sinica 65(8), 655-659.","Study on the Density and Surface Tension of Ionic Liquid EMIBF4 in Terms of Standard Addition Method"
density,kg/m^3,CZZni,no,measured,1.282100000e+03,1.282100000e+03,2.981500000e+02,5.300000000e+00,2.931500000e+02,3.431500000e+02,11,0,no,yes,yes,yes,"Vibrating tube method","98.0 mol %","98.0 mol %;0.007 water mass %(dried by vacuum heating)","synthesized by others","","Zarei, H.; Keley, V. (2017) J. Chem. Eng. Data 62(3), 913-923.","Density and Speed of Sound of Binary Mixtures of Ionic Liquid 1-Ethyl-3-methylimidazolium Tetrafluoroborate, N,N-Dimethylformamide, and N,N-Dimethylacetamide at Temperature Range of 293.15 343.15 K: Measurement and PC-SAFT Modeling"
density,kg/m^3,iEFEO,no,measured,nan,nan,nan,nan,2.931000000e+02,2.931000000e+02,1,0,no,yes,no,no,"Pycnometric method","","","synthesized by others","","Zhao, H.; Malhotra, S. V.; Luo, R. G. (2003) Phys. Chem. Liq. 41(5), 487-492.","PREPARATION AND CHARACTERIZATION OF THREE ROOM-TEMPERATURE IONIC LIQUIDS"
dynamic_viscosity,Pa s,AsVxP,no,measured,3.170000000e-02,3.170000000e-02,2.981500000e+02,3.200000000e-03,2.931500000e+02,3.431500000e+02,11,0,no,yes,yes,yes,"Concentric cylinders viscometry","99 mass %","0.0109 water mass %(dried by vacuum heating)","commercial source","","Aljasmi, Abdullah; Mohammad, Abubaker A.; AlJimaz, Adel S.; Alkhaldi, Khaled H.A. E.; AlTuwaim, Mohammad S. (2025) J. Chem. Eng. Data 70(8), 3148-3164.","Influence of Temperature, Anions, and Alkyl Chain Length on the Density, Viscosity, Speed of Sound, Surface Tension, and Refractive Index of Imidazolium Tetrafluoroborate-Based Ionic Liquids"
dynamic_viscosity,Pa s,digkO,no,measured,3.545000000e-02,nan,nan,nan,2.931500000e+02,3.331500000e+02,5,0,no,yes,yes,yes,"Concentric cylinders viscometry","98 % (basis not specified)","0.06 water mass %","commercial source","","Bahadur, Indra; Kgomotso, Masilo; Ebenso, Eno E.; Redhi, Gan (2016) RSC Adv. 6(106), 104708-104723.","Influence of temperature on molecular interactions of imidazolium-based ionic liquids with acetophenone: thermodynamic properties and quantum chemical studies"
dynamic_viscosity,Pa s,betzi,no,measured,3.690000000e-02,nan,nan,nan,2.831500000e+02,3.331500000e+02,6,0,no,yes,no,no,"Falling or rolling sphere viscometry","","","commercial source","","Bentley, Caitlin L.; Balogun, Mariam Y.; Morales-Collazo, Oscar; Brennecke, Joan F. (2024) J. Chem. Eng. Data 69(10), 3532-3543.","CO2/N2 Selectivity in [emim][BF4] + [emim][TFSI] and [emim][DCA] + [emim][TFSI] Ionic Liquid Mixtures"
dynamic_viscosity,Pa s,QtVYt,no,measured,4.150000000e-02,4.150000000e-02,2.981500000e+02,4.200000000e-03,2.931500000e+02,3.531500000e+02,8,0,no,yes,no,no,"Falling or rolling sphere viscometry","","","commercial source","","Ciocirlan, O.; Croitoru, O.; Iulian, O. (2016) J. Chem. Thermodyn. 101, 285-292.","Viscosity of binary mixtures of 1-ethyl-3-methylimidazolium tetrafluoroborate ionic liquid with four organic solvents"
dynamic_viscosity,Pa s,OUeyu,no,measured,nan,nan,nan,nan,3.031500000e+02,3.331500000e+02,4,0,no,yes,yes,yes,"Capillary tube (Ostwald; Ubbelohde) method","98.0 mass %","0.0287 water mass %","commercial source","","Fan, X.-H.; Chen, Y.-P.; Su, C.-S. (2016) J. Chem. Eng. Data 61(2), 920-927.","Density and Viscosity Measurements for Binary Mixtures of 1-Ethyl-3-methylimidazolium Tetrafluoroborate ([Emim][BF4]) with Dimethylacetamide, Dimethylformamide, and Dimethyl Sulfoxide"
dynamic_viscosity,Pa s,zQTSF,no,measured,3.533000000e-02,3.200000000e-02,3.000000000e+02,1.000000000e-02,2.900000000e+02,3.650000000e+02,16,0,no,yes,yes,yes,"Cone and plate viscometry","99 % (basis not specified)","2 water mass %;0.002 halide impurity mass %","commercial source","","Fletcher, S. I.; Sillars, F. B.; Hudson, N. E.; Hall, P. J. (2010) J. Chem. Eng. Data 55(2), 778-782.","Physical Properties of Selected Ionic Liquids for Use as Electrolytes and Other Industrial Applications"
dynamic_viscosity,Pa s,bSEGW,no,measured,nan,4.500000000e-02,2.982000000e+02,1.000000000e-03,2.982000000e+02,3.382000000e+02,5,0,no,yes,no,no,"Cone and plate viscometry","","","synthesized by the authors","","He, X.; Shao, Q.; Kong, W.; Yu, L.; Zhang, X.; Deng, Y. (2014) Fluid Phase Equilib. 366, 9-15.","A simple method for estimating mutual diffusion coefficients of ionic liquids-water based on an optofluidic chip"
dynamic_viscosity,Pa s,IoLiTec-IL-0006,no,manufacturer_spec,2.520000000e-02,2.520000000e-02,2.981500000e+02,nan,2.981500000e+02,2.981500000e+02,1,0,no,no,yes,no,"",">98% (Datenblatt Seite 1/4, Abschnitt 2)","","Hersteller IoLiTec","","IoLiTec Ionic Liquids Technologies GmbH, Technical Data Sheet 1-Ethyl-3-methylimidazolium tetrafluoroborate, Produktcode IL-0006, CAS 143314-16-3, Revision Date 2/13/2012, Date Issued 11/2/2012, Seite 2/4, Abschnitt 3 PROPERTIES.","Technical Data Sheet IL-0006"
dynamic_viscosity,Pa s,msChq,no,measured,4.300000000e-02,4.300000000e-02,2.991000000e+02,8.000000000e-03,2.991000000e+02,2.991000000e+02,1,0,no,yes,yes,yes,"Cone and plate viscometry","98 mass %","0.002 water mass %(dried by vacuum heating)","synthesized by the authors","","McEwen, A. B.; Ngo, H. L.; LeCompte, K.; Goldman, J. L. (1999) J. Electrochem. Soc. 146(5), 1687-1695.","Electrochemical Properties of Imidazolium Salt Electrolytes for Electrochemical Capacitor Applications"
dynamic_viscosity,Pa s,Ggcjo,yes,measured,3.637000000e-02,3.637000000e-02,2.981500000e+02,7.600000000e-04,2.831500000e+02,3.731500000e+02,19,0,no,yes,yes,yes,"Concentric cylinders viscometry","99 mass %","0.0100 water mass %(dried by vacuum heating)","commercial source","","Miranda, Carlos F.P.; Santos, Luis M.N.B.F. (2025) Fluid Phase Equilib. 597, 114458.","Impact of nanostructuration on the transport properties of ionic liquids"
dynamic_viscosity,Pa s,yElBS,no,measured,3.600000000e-02,3.600000000e-02,2.981000000e+02,1.000000000e-03,2.981000000e+02,2.981000000e+02,1,0,no,yes,no,no,"Cone and plate viscometry","","","synthesized by the authors","","Nakamura, K.; Shikata, T. (2010) ChemPhysChem 11(1), 285-294.","Systematic Dielectric and NMR Study of the Ionic Liquid 1-Alkyl-3-Methyl Imidazolium"
dynamic_viscosity,Pa s,Pmcvv,no,measured,3.810000000e-02,nan,nan,nan,2.931500000e+02,3.231500000e+02,4,0,no,yes,yes,yes,"Falling or rolling sphere viscometry","99 mass %","0.0340 water mass %(dried by vacuum heating)","commercial source","","Narsimlu, V.; Reddy, K.C. Sekara; Krishna, T. Viaya; Mohan, T. Madhu; Rao, V. Srinivasa (2019) J. Chem. Thermodyn. 139, 105891.","Thermodynamic and theoretical investigations on [Emim][Bf4]/[Bmim][Bf4] and aniline binary mixtures"
dynamic_viscosity,Pa s,gYCnl,no,measured,3.884000000e-02,3.884000000e-02,2.981500000e+02,3.600000000e-04,2.781500000e+02,3.631500000e+02,18,0,no,yes,yes,yes,"Concentric cylinders viscometry","99 mass %","0.03 water mass %(dried by vacuum heating)","commercial source","","Neves, C. M. S. S.; Kurnia, K. A.; Coutinho, J. A. P.; Marrucho, I. M.; Lopes, J. N. C.; Freire, M. G.; Rebelo, L. P. N. (2013) J. Phys. Chem. B 117, 10271-10283.","Systematic Study of the Thermophysical Properties of Imidazolium- Based Ionic Liquids with Cyano-Functionalized Anions"
dynamic_viscosity,Pa s,ORIXr,no,measured,3.700000000e-02,3.700000000e-02,2.981500000e+02,4.000000000e-03,2.981500000e+02,2.981500000e+02,1,0,no,yes,no,no,"Oscillating disk viscometry","","","synthesized by the authors","","Nishida, T.; Tashiro, Y.; Yamamoto, M. (2003) J. Fluorine Chem. 120, 135-141.","Physical and electrochemical properties of 1-alkyl-3-methylimidazolium tetrafluoroborate for electrolyte"
dynamic_viscosity,Pa s,OhwlC,no,measured,3.223500000e-02,nan,nan,nan,2.730000000e+02,3.530000000e+02,9,0,no,yes,no,no,"Cone and plate viscometry","","","synthesized by the authors","","Noda, A.; Hayamizu, K.; Watanabe, M. (2001) J. Phys. Chem. B 105, 4603-4610.","Pulsed-Gradient Spin-Echo 1H and 19F NMR Ionic Diffusion Coefficient, Viscosity, and Ionic Conductivity of Non-Chloroaluminate Room-Temperature Ionic Liquids"
dynamic_viscosity,Pa s,fvxjt,no,measured,3.690000000e-02,3.690000000e-02,2.981500000e+02,1.900000000e-03,2.881500000e+02,3.181500000e+02,4,0,no,yes,yes,yes,"Concentric cylinders viscometry","98 % (basis not specified)","0.022 water mass %","commercial source","","Rilo, E.; Pico, J.; Garcia-Garabal, S.; Segade, Luisa; Varela, L. M.; Cabeza, Oscar (2010) J. Chem. Eng. Data 55(2), 639-644.","Electrical Conductivity and Viscosity of Aqueous Binary Mixtures of 1-Alkyl-3-methyl Imidazolium Tetrafluoroborate at Four Temperatures"
dynamic_viscosity,Pa s,RsolW,no,measured,3.690000000e-02,3.690000000e-02,2.981500000e+02,1.200000000e-03,2.881500000e+02,3.181500000e+02,4,0,no,yes,yes,yes,"Concentric cylinders viscometry","98 % (basis not specified)","0.00022 water mass %","commercial source","","Rilo, E.; Vila, J.; Garcia, M.; Varela, L. M.; Cabeza, O. (2010) J. Chem. Eng. Data 55(11), 5156-5163.","Viscosity and Electrical Conductivity of Binary Mixtures of CnMIM-BF4 with Ethanol at 288 K, 298 K, 308 K, and 318 K"
dynamic_viscosity,Pa s,nfhke,no,measured,3.907850000e-02,nan,nan,nan,2.825500000e+02,3.236500000e+02,54,50,no,yes,no,no,"Stony Brook Scientific falling needle HPHTV-100 viscometer","","","commercial source","","Sanmamed, Y. A.; Gonzalez-Salgado, D.; Troncoso, J.; Romani, L.; Baylaucq, A.; Boned, C. (2010) J. Chem. Thermodyn. 42(4), 553-563.","Experimental methodology for precise determination of density of RTILs as a function of temperature and pressure using vibrating tube densimeters"
dynamic_viscosity,Pa s,MNOJj,no,measured,3.617000000e-02,3.617000000e-02,2.981500000e+02,9.800000000e-04,2.691500000e+02,3.531500000e+02,12,0,no,yes,no,no,"Capillary tube (Ostwald; Ubbelohde) method","","","synthesized by the authors","","Schreiner, C.; Zugmann, S.; Hartl, R.; Gores, H. J. (2010) J. Chem. Eng. Data 55(5), 1784-1788.","Fractional Walden Rule for Ionic Liquids: Examples from Recent Measurements and a Critique of the So-Called Ideal KCl Line for the Walden Plot"
dynamic_viscosity,Pa s,tvrlz,no,measured,5.470000000e-02,nan,nan,nan,2.831500000e+02,3.131500000e+02,4,0,no,yes,no,no,"Cone and plate viscometry","","","synthesized by the authors","","Seddon, K. R.; Stark, A.; Torres, M.-J. (2002) ACS Symp. Ser. 819, 34-49.","Viscosity and Density of 1-Alkyl-3-methylimidazolium Ionic Liquids"
dynamic_viscosity,Pa s,wHHbE,no,measured,nan,nan,nan,nan,2.931500000e+02,2.931500000e+02,1,0,no,yes,no,no,"Cone and plate viscometry","","","synthesized by the authors","","Seddon, K.; Stark, A.; Torres, M.-J. (2000) Pure Appl. Chem. 72(12), 2275-2287.","Influence of chloride, water, and organic solvents on the physical properties of ionic liquids"
dynamic_viscosity,Pa s,YoAlq,no,measured,3.680882353e-02,3.700000000e-02,2.980000000e+02,4.000000000e-04,2.830000000e+02,3.529000000e+02,15,0,no,yes,no,no,"Concentric cylinders viscometry","","","commercial source","","Seki, S.; Kobayashi, T.; Kobayashi, Y.; Takei, K.; Miyashiro, H.; Hayamizu, K.; Tsuzuki, S.; Mitsugi, T.; Umebayashi, Y. (2010) J. Mol. Liq. 152(1-3), 9-13.","Effects of cation and anion on physical properties of room-temperature ionic liquids"
dynamic_viscosity,Pa s,McoOT,no,measured,3.265000000e-02,nan,nan,nan,2.831000000e+02,3.631500000e+02,9,0,no,yes,no,no,"Concentric cylinders viscometry","","","commercial source","","Shamsipur, M.; Beigi, A. A. M.; Teymouri, M.; Pourmortazavi, S. M.; Irandoust, M. (2010) J. Mol. Liq. 157, 43-50.","Physical and electrochemical properties of ionic liquids 1-ethyl-3-methylimidazolium  tetrafluoroborate, 1-butyl-3-methylimidazolium trifluoromethanesulfonate and  1-butyl-1-methylpyrrolidinium bis(trifluoromethylsulfonyl)imide"
dynamic_viscosity,Pa s,MzyDH,no,measured,3.750000000e-02,3.750000000e-02,2.981500000e+02,3.000000000e-03,2.931500000e+02,3.431500000e+02,11,0,no,yes,no,no,"Concentric cylinders viscometry","","","synthesized by the authors","","Song, D.; Chen, J. (2014) J. Chem. Eng. Data 59(2), 257-262.","Density and Viscosity Data for Mixtures of Ionic Liquids with a Common Anion"
dynamic_viscosity,Pa s,PNlgL,no,measured,3.680000000e-02,3.680000000e-02,2.981000000e+02,6.500000000e-03,2.981000000e+02,2.981000000e+02,1,0,no,yes,yes,yes,"Cone and plate viscometry","98 mass %","0.01 water mass %;0.0 halide impurity mass %(dried in a desiccator)","commercial source","","Stoppa, A.; Buchner, R.; Hefter, G. (2010) J. Mol. Liq. 153, 46-51.","How ideal are binary mixtures of room-temperature ionic liquids?"
dynamic_viscosity,Pa s,eJWGE,no,measured,3.607000000e-02,3.607000000e-02,2.980000000e+02,7.500000000e-04,2.980000000e+02,2.980000000e+02,1,0,no,yes,no,no,"moving piston","","","synthesized by the authors","","Van Valkenburg, M. E.; Vaughn, R. L.; Williams, M.; Wilkes, J. S. (2005) Thermochim. Acta 425(1-2), 181-188.","Thermochemistry of ionic liquid heat-transfer fluids"
dynamic_viscosity,Pa s,TZkKJ,no,measured,4.100000000e-02,4.100000000e-02,2.981500000e+02,1.700000000e-03,2.781500000e+02,3.181500000e+02,5,0,no,yes,yes,yes,"Falling or rolling sphere viscometry","98 mass %","0.06 water mass %;2 halide impurity mass %(dried by vacuum heating)","commercial source","","Vercher, E.; Llopis, F. J.; Gonzalez-Alfaro, V.; Miguel, P. J.; Orchilles, V.; Martinez-Andreu, A. (2015) J. Chem. Thermodyn. 90, 174-184.","Volumetric properties, viscosities and refractive indices of binary liquid mixtures of tetrafluoroborate-based ionic liquids with methanol at several temperatures"
dynamic_viscosity,Pa s,TSRlH,no,measured,3.900000000e-02,3.900000000e-02,2.981500000e+02,2.000000000e-03,2.981500000e+02,2.981500000e+02,1,0,no,yes,no,no,"Concentric cylinders viscometry","","","synthesized by the authors","","Wang, R.; Qi, X.; Liu, S.; He, Y.; Deng, Y. (2016) J. Mol. Liq. 221, 339-345.","A comparison study on the properties of 1,3-dialkylimidazolium tetrafluoroborate salts prepared by halogen-free and traditional method"
dynamic_viscosity,Pa s,uqWWS,no,measured,3.600000000e-02,3.600000000e-02,2.981500000e+02,2.000000000e-03,2.981500000e+02,2.981500000e+02,1,0,no,yes,no,no,"Concentric cylinders viscometry","","","synthesized by the authors","","Wang, R.; Qi, X.; Liu, S.; He, Y.; Deng, Y. (2016) J. Mol. Liq. 221, 339-345.","A comparison study on the properties of 1,3-dialkylimidazolium tetrafluoroborate salts prepared by halogen-free and traditional method"
dynamic_viscosity,Pa s,MfXbF,no,measured,2.940000000e-02,nan,nan,nan,2.531500000e+02,3.331500000e+02,9,0,no,yes,no,no,"Falling or rolling sphere viscometry","","","commercial source","","Yambou, E. P.; Gorska, B.; Beguin, F. (2020) J. Mol. Liq. 298, 111959.","Binary mixtures of ionic liquids based on EMIm cation and fluorinated anions: physico-chemical characterization in view of their application as low-temperature electrolytes"
dynamic_viscosity,Pa s,FKcTI,no,measured,3.720000000e-02,3.720000000e-02,2.981500000e+02,7.500000000e-03,2.931500000e+02,3.331500000e+02,9,0,no,yes,yes,yes,"Capillary tube (Ostwald; Ubbelohde) method","97 mass %","0.16 water mass %(dried by vacuum heating)","commercial source","","Yang, Fuxin; Wang, Bangju; Jiao, Yanhao; Tan, Houzhang; Wang, Xiaopo (2023) J. Chem. Thermodyn. 181, 107038.","Density and viscosity of three ionic liquids with 2,2,2-trifluoroethanol"
dynamic_viscosity,Pa s,mgxcp,no,measured,3.720000000e-02,3.720000000e-02,2.981500000e+02,2.400000000e-03,2.931500000e+02,3.231500000e+02,7,0,no,yes,no,no,"Capillary tube (Ostwald; Ubbelohde) method","","","synthesized by the authors","","Zhang, S.; Li, X.; Chen, H.; Wang, J.; Zhang, J.; Zhang, M. (2004) J. Chem. Eng. Data 49(4), 760-764.","Determination of Physical Properties for the Binary System of 1-Ethyl-3-methylimidazolium Tetrafluoroborate + H2O"
kinematic_viscosity,m^2/s,wUwVk,no,measured,2.750000000e-05,2.750000000e-05,2.981500000e+02,1.000000000e-06,2.931500000e+02,3.731500000e+02,11,0,no,yes,no,no,"Capillary tube (Ostwald; Ubbelohde) method","","","synthesized by the authors","","Fuller, J.; Carlin, R. T.; Osteryoung, R. A. (1997) J. Electrochem. Soc. 144(11), 3881-3886.","The Room Temperature Ionic Liquid 1-Ethyl-3-methylimidazolium Tetrafluoroborate: Electrochemical Couples and Physical Properties"
kinematic_viscosity,m^2/s,ojBhA,no,measured,2.778000000e-05,nan,nan,nan,2.831500000e+02,3.131500000e+02,4,0,no,yes,no,no,"Capillary tube (Ostwald; Ubbelohde) method","","","commercial source","","Gutierrez, A.; Atilhan, M.; Alcalde, R.; Trenzado, J.L.; Aparicio, S. (2018) J. Mol. Liq. 255, 199-207.","Insights on the mixtures of imidazolium based ionic liquids with molecular solvents"
kinematic_viscosity,m^2/s,ktoAE,no,measured,2.710000000e-05,2.710000000e-05,2.981500000e+02,7.200000000e-07,2.831500000e+02,3.131500000e+02,7,0,no,yes,no,no,"Capillary tube (Ostwald; Ubbelohde) method","","","commercial source","","Trenzado, J. L.; Rodrguez, Y.; Gutirrez, A.; Cincotti, A.; Aparicio, S. (2021) J. Mol. Liq. 334, 116049.","Experimental and molecular modeling study on the binary mixtures of [EMIM][BF4] and [EMIM][TFSI] ionic liquids"
electrical_conductivity,S/m,VHMHq,no,measured,1.310000000e+00,1.310000000e+00,2.981500000e+02,1.000000000e-02,2.931500000e+02,3.731500000e+02,11,0,no,yes,no,no,"Alternating current cell with electrodes","","","synthesized by the authors","","Fuller, J.; Carlin, R. T.; Osteryoung, R. A. (1997) J. Electrochem. Soc. 144(11), 3881-3886.","The Room Temperature Ionic Liquid 1-Ethyl-3-methylimidazolium Tetrafluoroborate: Electrochemical Couples and Physical Properties"
electrical_conductivity,S/m,udULf,no,measured,1.380000000e+00,1.380000000e+00,2.981500000e+02,1.000000000e-02,2.931500000e+02,3.731500000e+02,11,0,no,yes,no,no,"Alternating current cell with electrodes","","","synthesized by the authors","","Fuller, J.; Carlin, R. T.; Osteryoung, R. A. (1997) J. Electrochem. Soc. 144(11), 3881-3886.","The Room Temperature Ionic Liquid 1-Ethyl-3-methylimidazolium Tetrafluoroborate: Electrochemical Couples and Physical Properties"
electrical_conductivity,S/m,IoLiTec-IL-0006,no,manufacturer_spec,1.410000000e+00,1.410000000e+00,2.981500000e+02,nan,2.981500000e+02,2.981500000e+02,1,0,no,no,yes,no,"",">98% (Datenblatt Seite 1/4, Abschnitt 2)","","Hersteller IoLiTec","","IoLiTec Ionic Liquids Technologies GmbH, Technical Data Sheet 1-Ethyl-3-methylimidazolium tetrafluoroborate, Produktcode IL-0006, CAS 143314-16-3, Revision Date 2/13/2012, Date Issued 11/2/2012, Seite 2/4, Abschnitt 3 PROPERTIES.","Technical Data Sheet IL-0006"
electrical_conductivity,S/m,cOHnx,no,measured,1.300000000e+00,1.300000000e+00,2.991000000e+02,1.000000000e-01,2.991000000e+02,2.991000000e+02,1,0,no,yes,yes,yes,"Alternating current cell with electrodes","98 mass %","0.002 water mass %(dried by vacuum heating)","synthesized by the authors","","McEwen, A. B.; Ngo, H. L.; LeCompte, K.; Goldman, J. L. (1999) J. Electrochem. Soc. 146(5), 1687-1695.","Electrochemical Properties of Imidazolium Salt Electrolytes for Electrochemical Capacitor Applications"
electrical_conductivity,S/m,YOBUW,no,measured,1.558488821e+00,1.564000000e+00,2.982600000e+02,4.700000000e-02,2.835300000e+02,3.327500000e+02,11,0,no,yes,yes,yes,"Alternating current cell with electrodes","99 mass %","0.0100 water mass %(dried by vacuum heating)","commercial source","","Miranda, Carlos F.P.; Santos, Luis M.N.B.F. (2025) Fluid Phase Equilib. 597, 114458.","Impact of nanostructuration on the transport properties of ionic liquids"
electrical_conductivity,S/m,DlQDy,no,measured,1.516500000e+00,1.516500000e+00,2.981000000e+02,3.000000000e-02,2.981000000e+02,2.981000000e+02,1,0,no,yes,no,no,"Alternating current cell with electrodes","","","synthesized by the authors","","Nakamura, K.; Shikata, T. (2010) ChemPhysChem 11(1), 285-294.","Systematic Dielectric and NMR Study of the Ionic Liquid 1-Alkyl-3-Methyl Imidazolium"
electrical_conductivity,S/m,pTtBt,no,measured,1.400000000e+00,1.400000000e+00,2.981000000e+02,4.000000000e-02,2.981000000e+02,2.981000000e+02,1,0,no,yes,no,no,"Direct current cell with electrodes","","","synthesized by the authors","","Nishida, T.; Tashiro, Y.; Yamamoto, M. (2003) J. Fluorine Chem. 120, 135-141.","Physical and electrochemical properties of 1-alkyl-3-methylimidazolium tetrafluoroborate for electrolyte"
electrical_conductivity,S/m,rvgDb,no,measured,1.374380500e+00,nan,nan,nan,2.630000000e+02,3.730000000e+02,12,0,no,yes,no,no,"Direct current cell with electrodes","","","synthesized by the authors","","Noda, A.; Hayamizu, K.; Watanabe, M. (2001) J. Phys. Chem. B 105, 4603-4610.","Pulsed-Gradient Spin-Echo 1H and 19F NMR Ionic Diffusion Coefficient, Viscosity, and Ionic Conductivity of Non-Chloroaluminate Room-Temperature Ionic Liquids"
electrical_conductivity,S/m,VQneZ,no,measured,1.630000000e+00,1.630000000e+00,2.981500000e+02,1.600000000e-01,2.981500000e+02,2.981500000e+02,1,0,yes,yes,yes,yes,"crison conductivimeter","98 % (basis not specified)","0.022 water mass %","commercial source","","Rilo, E.; Pico, J.; Garcia-Garabal, S.; Segade, Luisa; Varela, L. M.; Cabeza, Oscar (2010) J. Chem. Eng. Data 55(2), 639-644.","Electrical Conductivity and Viscosity of Aqueous Binary Mixtures of 1-Alkyl-3-methyl Imidazolium Tetrafluoroborate at Four Temperatures"
electrical_conductivity,S/m,RBQct,no,measured,1.630000000e+00,1.630000000e+00,2.981500000e+02,1.000000000e-03,2.981500000e+02,2.981500000e+02,1,0,no,yes,yes,yes,"Crison GLP 31+ conductivimeter","98 % (basis not specified)","0.00022 water mass %","commercial source","","Rilo, E.; Vila, J.; Garcia, M.; Varela, L. M.; Cabeza, O. (2010) J. Chem. Eng. Data 55(11), 5156-5163.","Viscosity and Electrical Conductivity of Binary Mixtures of CnMIM-BF4 with Ethanol at 288 K, 298 K, 308 K, and 318 K"
electrical_conductivity,S/m,Iepdk,no,measured,1.572500000e+00,1.572500000e+00,2.981500000e+02,1.300000000e-02,2.381500000e+02,3.531500000e+02,13,0,no,yes,no,no,"Symmetrical Wheatstone bridge","","","synthesized by the authors","","Schreiner, C.; Zugmann, S.; Hartl, R.; Gores, H. J. (2010) J. Chem. Eng. Data 55(5), 1784-1788.","Fractional Walden Rule for Ionic Liquids: Examples from Recent Measurements and a Critique of the So-Called Ideal KCl Line for the Walden Plot"
electrical_conductivity,S/m,TCbEh,no,measured,1.553000000e+00,1.553000000e+00,2.981500000e+02,1.600000000e-02,2.981500000e+02,2.981500000e+02,1,0,no,yes,yes,yes,"capillary cell","98 mass %","0.01 water mass %;0.0 halide impurity mass %(dried in a desiccator)","commercial source","","Stoppa, A.; Buchner, R.; Hefter, G. (2010) J. Mol. Liq. 153, 46-51.","How ideal are binary mixtures of room-temperature ionic liquids?"
electrical_conductivity,S/m,ARlTi,no,measured,1.553000000e+00,1.553000000e+00,2.981500000e+02,1.600000000e-02,2.981500000e+02,2.981500000e+02,1,0,no,yes,no,no,"Alternating current cell with electrodes","","","commercial source","","Stoppa, A.; Hunger, J.; Buchner, R. (2009) J. Chem. Eng. Data 54(2), 472-479.","Conductivities of Binary Mixtures of Ionic Liquids with Polar Solvents"
electrical_conductivity,S/m,NoOyp,no,measured,1.553000000e+00,1.553000000e+00,2.981500000e+02,1.600000000e-02,2.981500000e+02,2.981500000e+02,1,0,no,yes,no,no,"Alternating current cell with electrodes","","","synthesized by the authors","","Stoppa, A.; Hunger, J.; Buchner, R. (2009) J. Chem. Eng. Data 54(2), 472-479.","Conductivities of Binary Mixtures of Ionic Liquids with Polar Solvents"
electrical_conductivity,S/m,JpHfk,no,measured,1.546000000e+00,1.546000000e+00,2.981500000e+02,1.500000000e-02,2.480500000e+02,4.681500000e+02,23,0,no,yes,no,no,"Alternating current cell with electrodes","","","synthesized by the authors","","Stoppa, A.; Zech, O.; Kunz, W.; Buchner, R. (2010) J. Chem. Eng. Data 55(5), 1768-1773.","The Conductivity of Imidazolium-Based Ionic Liquids from (-35 to 195) deg C. A. Variation of Cation s Alkyl Chain"
electrical_conductivity,S/m,GSqsS,no,measured,9.100000000e-01,9.100000000e-01,2.981000000e+02,4.000000000e-02,2.981000000e+02,2.981000000e+02,1,0,no,yes,no,no,"Alternating current cell with electrodes","","","commercial source","","Tomimatsu, Y.; Suetsugu, H.; Yoshimura, Y.; Shimizu, A. (2019) J. Mol. Liq. 279, 120-126.","The solubility of cellulose in binary mixtures of ionic liquids and dimethyl sulfoxide: Influence of the anion"
electrical_conductivity,S/m,DxIZM,yes,measured,1.558357143e+00,1.571000000e+00,2.981000000e+02,3.100000000e-02,2.491000000e+02,4.331000000e+02,72,0,no,yes,yes,yes,"Alternating current cell with electrodes","98 mass %","0.1 water mass %","commercial source","","Vila, J.; Fernandez-Castro, B.; Rilo, E.; Carrete, J.; Dominguez-Perez, M.; Rodriguez, J. R.; Garcia, M.; Varela, L. M.; Cabeza, O. (2012) Fluid Phase Equilib. 320, 1-10.","Liquid-solid-liquid phase transition hysteresis loops in the ionic conductivity of ten imidazolium-based ionic liquids"
electrical_conductivity,S/m,UeHGJ,no,measured,nan,nan,nan,nan,2.034000000e+02,2.876000000e+02,111,0,no,yes,yes,yes,"Alternating current cell with electrodes","98 mass %","0.1 water mass %","commercial source","","Vila, J.; Fernandez-Castro, B.; Rilo, E.; Carrete, J.; Dominguez-Perez, M.; Rodriguez, J. R.; Garcia, M.; Varela, L. M.; Cabeza, O. (2012) Fluid Phase Equilib. 320, 1-10.","Liquid-solid-liquid phase transition hysteresis loops in the ionic conductivity of ten imidazolium-based ionic liquids"
electrical_conductivity,S/m,hMpny,no,measured,1.573170000e+00,1.571000000e+00,2.981000000e+02,3.100000000e-01,2.581000000e+02,4.331000000e+02,36,0,no,yes,no,no,"Alternating current cell with electrodes","","","commercial source","","Vila, J.; Gines, P.; Pico, J. M.; Franjo, C.; Jimenez, E.; Varela, L. M.; Cabeza, O. (2006) Fluid Phase Equilib. 242(2), 141-146.","Temperature dependence of the electrical conductivity in EMIM-based ionic liquids Evidence of Vogel Tamman Fulcher behavior"
electrical_conductivity,S/m,ZmJef,no,measured,1.630000000e+00,1.630000000e+00,2.981500000e+02,1.600000000e-01,2.981500000e+02,2.981500000e+02,1,0,no,yes,no,no,"Alternating current cell with electrodes","","","commercial source","","Vila, J.; Gines, P.; Rilo, E.; Cabeza, O.; Varela, L. M. (2006) Fluid Phase Equilib. 247(1-2), 32-39.","Great increase of the electrical conductivity of ionic liquids in aqueous solutions"
electrical_conductivity,S/m,ATMtQ,no,measured,1.530000000e+00,1.530000000e+00,2.981000000e+02,1.000000000e-02,2.981000000e+02,2.981000000e+02,1,0,no,yes,no,no,"Alternating current cell with electrodes","","","synthesized by the authors","","Wang, R.; Qi, X.; Liu, S.; He, Y.; Deng, Y. (2016) J. Mol. Liq. 221, 339-345.","A comparison study on the properties of 1,3-dialkylimidazolium tetrafluoroborate salts prepared by halogen-free and traditional method"
electrical_conductivity,S/m,OTsVo,no,measured,1.570000000e+00,1.570000000e+00,2.981000000e+02,1.000000000e-02,2.981000000e+02,2.981000000e+02,1,0,no,yes,no,no,"Alternating current cell with electrodes","","","synthesized by the authors","","Wang, R.; Qi, X.; Liu, S.; He, Y.; Deng, Y. (2016) J. Mol. Liq. 221, 339-345.","A comparison study on the properties of 1,3-dialkylimidazolium tetrafluoroborate salts prepared by halogen-free and traditional method"
electrical_conductivity,S/m,dNpJO,no,measured,1.524000000e+00,1.524000000e+00,2.981500000e+02,1.600000000e-01,2.981500000e+02,3.281500000e+02,3,0,no,yes,yes,yes,"Alternating current cell with electrodes","99 mass %","0.728 water mass %(dried in a desiccator)","commercial source","","Xu, Jimin; Zuo, Mengcheng; Tong, Junbo; Liu, Xiangyang; He, Maogang (2025) J. Chem. Eng. Data 70(8), 3165-3177.","Experimental Study of the Thermoelectric Properties in Ionic Liquid + Organic Solvent Hybrid System"
electrical_conductivity,S/m,rtYFN,no,measured,1.567080000e+00,1.569000000e+00,2.982000000e+02,2.800000000e-02,2.932000000e+02,3.532000000e+02,11,0,no,yes,yes,yes,"Alternating current cell with electrodes","97 mass %","0.9 water mass %(none used)","commercial source","Pressure of 1 atm","Yu, Y.-H.; Soriano, A. N.; Li, M. -H. (2009) J. Chem. Thermodyn. 41(1), 103-108.","Heat capacities and electrical conductivities of 1-ethyl-3-methylimidazolium-based ionic liquids "
relative_permittivity,-,DRzTI,no,measured,1.290000000e+01,1.290000000e+01,2.981500000e+02,7.000000000e-01,2.981500000e+02,2.981500000e+02,1,0,no,yes,no,no,"Coaxial cylinder capacitor","","","","","Bennett, E. L.; Song, C.; Huang, Y.; Xiao, J. (2019) J. Mol. Liq. 294, 111571.","Measured relative complex permittivities for multiple series of ionic liquids"
relative_permittivity,-,feYBx,no,measured,1.170000000e+01,7.700000000e+00,2.981500000e+02,4.000000000e-01,2.981500000e+02,2.981500000e+02,18,0,yes,yes,no,no,"Coaxial cylinder capacitor","","","","","Bennett, E. L.; Song, C.; Huang, Y.; Xiao, J. (2019) J. Mol. Liq. 294, 111571.","Measured relative complex permittivities for multiple series of ionic liquids"
relative_permittivity,-,XmvpF,no,measured,1.360000000e+01,1.360000000e+01,2.981000000e+02,6.000000000e-01,2.981000000e+02,2.981000000e+02,1,0,no,yes,no,no,"Parallel plate capacitor","","","synthesized by the authors","","Nakamura, K.; Shikata, T. (2010) ChemPhysChem 11(1), 285-294.","Systematic Dielectric and NMR Study of the Ionic Liquid 1-Alkyl-3-Methyl Imidazolium"
relative_permittivity,-,iwnEy,no,measured,1.280000000e+01,1.280000000e+01,2.981000000e+02,1.000000000e+00,2.981000000e+02,2.981000000e+02,1,0,no,yes,no,no,"Coaxial line","","","commercial source","","Wakai, Chihiro; Oleinikova, Alla; Ott, Magnus; Weingartner, Hermann (2005) J. Phys. Chem. B 109(36), 17028-17030.","How Polar Are Ionic Liquids? Determination of the Static Dielectric Constant of an Imidazolium-based Ionic Liquid by Microwave Dielectric Spectroscopy"
